Provincia,año,tasa_paro,renta_media,ipv_vivienda
Albacete,2002,6.935,,
Albacete,2003,7.7,,
Albacete,2004,9.005,,
Albacete,2005,9.84,,
Albacete,2006,10.015,,
Albacete,2007,9.1625,,80.63554464285714
Albacete,2008,12.1975,,74.97574107142857
Albacete,2009,19.77,,67.92658928571429
Albacete,2010,22.665,,67.93626785714285
Albacete,2011,24.715,,60.28883035714286
Albacete,2012,31.9175,,48.69224107142857
Albacete,2013,30.9875,,43.349892857142855
Albacete,2014,27.517500000000002,,48.171910714285715
Albacete,2015,24.6825,,51.481249999999996
Albacete,2016,23.8275,,53.75692857142857
Albacete,2017,23.155,,55.93138392857143
Albacete,2018,19.7325,,59.67688392857143
Albacete,2019,17.185000000000002,,62.7410625
Albacete,2020,18.2625,,63.600705357142864
Albacete,2021,15.5275,,66.50435714285715
Albacete,2022,12.8475,,73.05436607142857
Albacete,2023,11.9575,,75.25794642857143
Albacete,2024,11.315,,83.70469642857142
Albacete,2025,11.3125,,95.23676785714285
Alicante/Alacant,2002,10.685,,
Alicante/Alacant,2003,12.3375,,
Alicante/Alacant,2004,10.615,,
Alicante/Alacant,2005,9.625,,
Alicante/Alacant,2006,9.6225,,
Alicante/Alacant,2007,10.502500000000001,,80.63554464285714
Alicante/Alacant,2008,13.4875,,74.97574107142857
Alicante/Alacant,2009,21.9625,,67.92658928571429
Alicante/Alacant,2010,24.16,,67.93626785714285
Alicante/Alacant,2011,23.9075,,60.28883035714286
Alicante/Alacant,2012,28.025,,48.69224107142857
Alicante/Alacant,2013,28.255,,43.349892857142855
Alicante/Alacant,2014,26.03,,48.171910714285715
Alicante/Alacant,2015,24.22,,51.481249999999996
Alicante/Alacant,2016,20.795,,53.75692857142857
Alicante/Alacant,2017,18.1075,,55.93138392857143
Alicante/Alacant,2018,16.1675,,59.67688392857143
Alicante/Alacant,2019,14.85,,62.7410625
Alicante/Alacant,2020,18.0275,,63.600705357142864
Alicante/Alacant,2021,18.705,,66.50435714285715
Alicante/Alacant,2022,14.645,,73.05436607142857
Alicante/Alacant,2023,13.3925,,75.25794642857143
Alicante/Alacant,2024,13.64,,83.70469642857142
Alicante/Alacant,2025,12.5075,,95.23676785714285
Almería,2002,10.782499999999999,,
Almería,2003,11.295,,
Almería,2004,9.7925,,
Almería,2005,9.2,,
Almería,2006,9.265,,
Almería,2007,11.445,,80.63554464285714
Almería,2008,19.3925,,74.97574107142857
Almería,2009,26.572499999999998,,67.92658928571429
Almería,2010,28.0125,,67.93626785714285
Almería,2011,33.505,,60.28883035714286
Almería,2012,35.315,,48.69224107142857
Almería,2013,36.055,,43.349892857142855
Almería,2014,35.597500000000004,,48.171910714285715
Almería,2015,28.99,,51.481249999999996
Almería,2016,23.5825,,53.75692857142857
Almería,2017,24.37,,55.93138392857143
Almería,2018,22.5775,,59.67688392857143
Almería,2019,17.615000000000002,,62.7410625
Almería,2020,21.905,,63.600705357142864
Almería,2021,19.255000000000003,,66.50435714285715
Almería,2022,17.15,,73.05436607142857
Almería,2023,15.972499999999998,,75.25794642857143
Almería,2024,15.285,,83.70469642857142
Almería,2025,13.8625,,95.23676785714285
Araba/Álava,2002,9.025,,
Araba/Álava,2003,9.344999999999999,,
Araba/Álava,2004,9.3825,,
Araba/Álava,2005,7.157500000000001,,
Araba/Álava,2006,7.29,,
Araba/Álava,2007,5.4399999999999995,,80.63554464285714
Araba/Álava,2008,4.985,,74.97574107142857
Araba/Álava,2009,11.7425,,67.92658928571429
Araba/Álava,2010,11.34,,67.93626785714285
Araba/Álava,2011,10.75,,60.28883035714286
Araba/Álava,2012,16.572499999999998,,48.69224107142857
Araba/Álava,2013,17.5125,,43.349892857142855
Araba/Álava,2014,17.197499999999998,,48.171910714285715
Araba/Álava,2015,15.0125,,51.481249999999996
Araba/Álava,2016,11.9875,,53.75692857142857
Araba/Álava,2017,11.2675,,55.93138392857143
Araba/Álava,2018,9.1125,,59.67688392857143
Araba/Álava,2019,8.28,,62.7410625
Araba/Álava,2020,7.8575,,63.600705357142864
Araba/Álava,2021,11.365,,66.50435714285715
Araba/Álava,2022,9.190000000000001,,73.05436607142857
Araba/Álava,2023,7.2025,,75.25794642857143
Araba/Álava,2024,8.567499999999999,,83.70469642857142
Araba/Álava,2025,7.1975,,95.23676785714285
Asturias,2002,9.805,,
Asturias,2003,11.3,,
Asturias,2004,10.3225,,
Asturias,2005,10.0375,,
Asturias,2006,9.1625,,
Asturias,2007,8.4175,,80.63554464285714
Asturias,2008,8.5,,74.97574107142857
Asturias,2009,13.42,,67.92658928571429
Asturias,2010,15.915000000000001,,67.93626785714285
Asturias,2011,17.84,,60.28883035714286
Asturias,2012,21.822499999999998,,48.69224107142857
Asturias,2013,24.127499999999998,,43.349892857142855
Asturias,2014,21.1275,,48.171910714285715
Asturias,2015,19.11,,51.481249999999996
Asturias,2016,17.6075,,53.75692857142857
Asturias,2017,13.7125,,55.93138392857143
Asturias,2018,13.6075,,59.67688392857143
Asturias,2019,14.192499999999999,,62.7410625
Asturias,2020,14.12,,63.600705357142864
Asturias,2021,12.335,,66.50435714285715
Asturias,2022,12.5125,,73.05436607142857
Asturias,2023,12.1225,,75.25794642857143
Asturias,2024,10.135,,83.70469642857142
Asturias,2025,8.8325,,95.23676785714285
Badajoz,2002,19.555,,
Badajoz,2003,16.36,,
Badajoz,2004,18.09,,
Badajoz,2005,17.43,,
Badajoz,2006,14.625,,
Badajoz,2007,14.0375,,80.63554464285714
Badajoz,2008,15.8275,,74.97574107142857
Badajoz,2009,21.330000000000002,,67.92658928571429
Badajoz,2010,23.955000000000002,,67.93626785714285
Badajoz,2011,27.085,,60.28883035714286
Badajoz,2012,33.8025,,48.69224107142857
Badajoz,2013,34.394999999999996,,43.349892857142855
Badajoz,2014,31.27,,48.171910714285715
Badajoz,2015,30.252499999999998,,51.481249999999996
Badajoz,2016,29.740000000000002,,53.75692857142857
Badajoz,2017,28.1525,,55.93138392857143
Badajoz,2018,25.450000000000003,,59.67688392857143
Badajoz,2019,22.44,,62.7410625
Badajoz,2020,22.59,,63.600705357142864
Badajoz,2021,20.5275,,66.50435714285715
Badajoz,2022,17.6225,,73.05436607142857
Badajoz,2023,18.675,,75.25794642857143
Badajoz,2024,15.395,,83.70469642857142
Badajoz,2025,14.38,,95.23676785714285
"Balears, Illes",2002,7.615,,
"Balears, Illes",2003,9.775,,
"Balears, Illes",2004,9.1675,,
"Balears, Illes",2005,7.2924999999999995,,
"Balears, Illes",2006,6.5,,
"Balears, Illes",2007,7.217499999999999,,80.63554464285714
"Balears, Illes",2008,10.1875,,74.97574107142857
"Balears, Illes",2009,17.97,,67.92658928571429
"Balears, Illes",2010,20.18,,67.93626785714285
"Balears, Illes",2011,21.947499999999998,,60.28883035714286
"Balears, Illes",2012,23.2575,,48.69224107142857
"Balears, Illes",2013,22.335,,43.349892857142855
"Balears, Illes",2014,20.14,,48.171910714285715
"Balears, Illes",2015,17.41,,51.481249999999996
"Balears, Illes",2016,13.9575,,53.75692857142857
"Balears, Illes",2017,12.5275,,55.93138392857143
"Balears, Illes",2018,11.6775,,59.67688392857143
"Balears, Illes",2019,11.82,,62.7410625
"Balears, Illes",2020,16.1875,,63.600705357142864
"Balears, Illes",2021,14.434999999999999,,66.50435714285715
"Balears, Illes",2022,10.735,,73.05436607142857
"Balears, Illes",2023,10.48,,75.25794642857143
"Balears, Illes",2024,9.45,,83.70469642857142
"Balears, Illes",2025,8.94,,95.23676785714285
Barcelona,2002,10.782499999999999,,
Barcelona,2003,10.8625,,
Barcelona,2004,10.355,,
Barcelona,2005,6.890000000000001,,
Barcelona,2006,6.547499999999999,,
Barcelona,2007,6.5225,,80.63554464285714
Barcelona,2008,8.6175,,74.97574107142857
Barcelona,2009,16.2025,,67.92658928571429
Barcelona,2010,17.7275,,67.93626785714285
Barcelona,2011,19.1,,60.28883035714286
Barcelona,2012,22.515,,48.69224107142857
Barcelona,2013,23.1175,,43.349892857142855
Barcelona,2014,19.975,,48.171910714285715
Barcelona,2015,18.235,,51.481249999999996
Barcelona,2016,15.4975,,53.75692857142857
Barcelona,2017,13.1025,,55.93138392857143
Barcelona,2018,11.0875,,59.67688392857143
Barcelona,2019,10.9,,62.7410625
Barcelona,2020,12.5225,,63.600705357142864
Barcelona,2021,11.3275,,66.50435714285715
Barcelona,2022,9.925,,73.05436607142857
Barcelona,2023,9.120000000000001,,75.25794642857143
Barcelona,2024,8.4525,,83.70469642857142
Barcelona,2025,8.195,,95.23676785714285
Bizkaia,2002,11.3025,,
Bizkaia,2003,11.445,,
Bizkaia,2004,11.795,,
Bizkaia,2005,8.5375,,
Bizkaia,2006,7.985,,
Bizkaia,2007,7.1625,,80.63554464285714
Bizkaia,2008,7.9174999999999995,,74.97574107142857
Bizkaia,2009,12.51,,67.92658928571429
Bizkaia,2010,12.11,,67.93626785714285
Bizkaia,2011,14.1575,,60.28883035714286
Bizkaia,2012,16.89,,48.69224107142857
Bizkaia,2013,17.7625,,43.349892857142855
Bizkaia,2014,17.315,,48.171910714285715
Bizkaia,2015,15.985,,51.481249999999996
Bizkaia,2016,14.21,,53.75692857142857
Bizkaia,2017,12.7,,55.93138392857143
Bizkaia,2018,11.6475,,59.67688392857143
Bizkaia,2019,10.605,,62.7410625
Bizkaia,2020,11.2575,,63.600705357142864
Bizkaia,2021,11.065,,66.50435714285715
Bizkaia,2022,9.41,,73.05436607142857
Bizkaia,2023,8.05,,75.25794642857143
Bizkaia,2024,8.98,,83.70469642857142
Bizkaia,2025,7.7575,,95.23676785714285
Burgos,2002,7.6825,,
Burgos,2003,8.71,,
Burgos,2004,8.4875,,
Burgos,2005,6.805,,
Burgos,2006,7.0649999999999995,,
Burgos,2007,6.5225,,80.63554464285714
Burgos,2008,9.16,,74.97574107142857
Burgos,2009,12.6675,,67.92658928571429
Burgos,2010,15.3725,,67.93626785714285
Burgos,2011,14.975000000000001,,60.28883035714286
Burgos,2012,17.310000000000002,,48.69224107142857
Burgos,2013,20.4125,,43.349892857142855
Burgos,2014,18.225,,48.171910714285715
Burgos,2015,17.884999999999998,,51.481249999999996
Burgos,2016,11.7325,,53.75692857142857
Burgos,2017,10.5525,,55.93138392857143
Burgos,2018,10.39,,59.67688392857143
Burgos,2019,9.96,,62.7410625
Burgos,2020,11.1275,,63.600705357142864
Burgos,2021,9.63,,66.50435714285715
Burgos,2022,8.555,,73.05436607142857
Burgos,2023,7.717499999999999,,75.25794642857143
Burgos,2024,6.9275,,83.70469642857142
Burgos,2025,7.602500000000001,,95.23676785714285
Cantabria,2002,10.025,,
Cantabria,2003,10.41,,
Cantabria,2004,10.5625,,
Cantabria,2005,8.504999999999999,,
Cantabria,2006,6.465,,
Cantabria,2007,5.9625,,80.63554464285714
Cantabria,2008,7.16,,74.97574107142857
Cantabria,2009,12.0,,67.92658928571429
Cantabria,2010,13.7,,67.93626785714285
Cantabria,2011,15.3,,60.28883035714286
Cantabria,2012,17.7925,,48.69224107142857
Cantabria,2013,20.447499999999998,,43.349892857142855
Cantabria,2014,19.4175,,48.171910714285715
Cantabria,2015,17.6475,,51.481249999999996
Cantabria,2016,14.907499999999999,,53.75692857142857
Cantabria,2017,13.565,,55.93138392857143
Cantabria,2018,10.675,,59.67688392857143
Cantabria,2019,10.28,,62.7410625
Cantabria,2020,12.165,,63.600705357142864
Cantabria,2021,11.265,,66.50435714285715
Cantabria,2022,9.575,,73.05436607142857
Cantabria,2023,8.1425,,75.25794642857143
Cantabria,2024,7.8475,,83.70469642857142
Cantabria,2025,7.3375,,95.23676785714285
Castellón/Castelló,2002,5.324999999999999,,
Castellón/Castelló,2003,6.7625,,
Castellón/Castelló,2004,8.52,,
Castellón/Castelló,2005,7.4775,,
Castellón/Castelló,2006,6.2575,,
Castellón/Castelló,2007,6.8025,,80.63554464285714
Castellón/Castelló,2008,10.684999999999999,,74.97574107142857
Castellón/Castelló,2009,19.634999999999998,,67.92658928571429
Castellón/Castelló,2010,23.9025,,67.93626785714285
Castellón/Castelló,2011,25.965,,60.28883035714286
Castellón/Castelló,2012,27.189999999999998,,48.69224107142857
Castellón/Castelló,2013,29.125,,43.349892857142855
Castellón/Castelló,2014,27.0825,,48.171910714285715
Castellón/Castelló,2015,22.5025,,51.481249999999996
Castellón/Castelló,2016,19.4975,,53.75692857142857
Castellón/Castelló,2017,16.7225,,55.93138392857143
Castellón/Castelló,2018,15.525,,59.67688392857143
Castellón/Castelló,2019,13.7525,,62.7410625
Castellón/Castelló,2020,14.285,,63.600705357142864
Castellón/Castelló,2021,13.8225,,66.50435714285715
Castellón/Castelló,2022,12.1875,,73.05436607142857
Castellón/Castelló,2023,14.7575,,75.25794642857143
Castellón/Castelló,2024,13.6525,,83.70469642857142
Castellón/Castelló,2025,11.1175,,95.23676785714285
Ceuta,2002,7.025,,
Ceuta,2003,9.46,,
Ceuta,2004,10.8525,,
Ceuta,2005,19.44,,
Ceuta,2006,21.224999999999998,,
Ceuta,2007,21.005,,80.63554464285714
Ceuta,2008,17.45,,74.97574107142857
Ceuta,2009,18.6325,,67.92658928571429
Ceuta,2010,23.919999999999998,,67.93626785714285
Ceuta,2011,27.745,,60.28883035714286
Ceuta,2012,37.019999999999996,,48.69224107142857
Ceuta,2013,34.79,,43.349892857142855
Ceuta,2014,31.8425,,48.171910714285715
Ceuta,2015,27.5475,,51.481249999999996
Ceuta,2016,24.880000000000003,,53.75692857142857
Ceuta,2017,22.37,,55.93138392857143
Ceuta,2018,28.927500000000002,,59.67688392857143
Ceuta,2019,25.814999999999998,,62.7410625
Ceuta,2020,24.5175,,63.600705357142864
Ceuta,2021,30.85,,66.50435714285715
Ceuta,2022,29.8525,,73.05436607142857
Ceuta,2023,29.98,,75.25794642857143
Ceuta,2024,27.4075,,83.70469642857142
Ceuta,2025,24.3575,,95.23676785714285
Ciudad Real,2002,9.395,,
Ciudad Real,2003,11.0525,,
Ciudad Real,2004,9.6625,,
Ciudad Real,2005,10.65,,
Ciudad Real,2006,10.9275,,
Ciudad Real,2007,9.27,,80.63554464285714
Ciudad Real,2008,13.505,,74.97574107142857
Ciudad Real,2009,19.8,,67.92658928571429
Ciudad Real,2010,22.2275,,67.93626785714285
Ciudad Real,2011,23.84,,60.28883035714286
Ciudad Real,2012,31.0675,,48.69224107142857
Ciudad Real,2013,30.54,,43.349892857142855
Ciudad Real,2014,33.0325,,48.171910714285715
Ciudad Real,2015,31.29,,51.481249999999996
Ciudad Real,2016,26.2325,,53.75692857142857
Ciudad Real,2017,24.4125,,55.93138392857143
Ciudad Real,2018,20.1125,,59.67688392857143
Ciudad Real,2019,18.259999999999998,,62.7410625
Ciudad Real,2020,17.8975,,63.600705357142864
Ciudad Real,2021,17.732499999999998,,66.50435714285715
Ciudad Real,2022,19.355,,73.05436607142857
Ciudad Real,2023,16.475,,75.25794642857143
Ciudad Real,2024,16.9225,,83.70469642857142
Ciudad Real,2025,15.235,,95.23676785714285
"Coruña, A",2002,12.8525,,
"Coruña, A",2003,13.754999999999999,,
"Coruña, A",2004,14.5075,,
"Coruña, A",2005,9.6325,,
"Coruña, A",2006,8.1225,,
"Coruña, A",2007,8.2225,,80.63554464285714
"Coruña, A",2008,8.9175,,74.97574107142857
"Coruña, A",2009,11.47,,67.92658928571429
"Coruña, A",2010,13.98,,67.93626785714285
"Coruña, A",2011,15.8275,,60.28883035714286
"Coruña, A",2012,18.38,,48.69224107142857
"Coruña, A",2013,20.18,,43.349892857142855
"Coruña, A",2014,19.955,,48.171910714285715
"Coruña, A",2015,17.4075,,51.481249999999996
"Coruña, A",2016,15.4125,,53.75692857142857
"Coruña, A",2017,14.1625,,55.93138392857143
"Coruña, A",2018,12.23,,59.67688392857143
"Coruña, A",2019,10.2025,,62.7410625
"Coruña, A",2020,11.2325,,63.600705357142864
"Coruña, A",2021,10.6,,66.50435714285715
"Coruña, A",2022,10.1,,73.05436607142857
"Coruña, A",2023,9.1025,,75.25794642857143
"Coruña, A",2024,7.98,,83.70469642857142
"Coruña, A",2025,7.2125,,95.23676785714285
Cuenca,2002,9.3675,,
Cuenca,2003,9.1975,,
Cuenca,2004,8.715,,
Cuenca,2005,6.425,,
Cuenca,2006,6.9475,,
Cuenca,2007,5.7575,,80.63554464285714
Cuenca,2008,7.9675,,74.97574107142857
Cuenca,2009,15.982499999999998,,67.92658928571429
Cuenca,2010,19.3525,,67.93626785714285
Cuenca,2011,19.5325,,60.28883035714286
Cuenca,2012,23.377499999999998,,48.69224107142857
Cuenca,2013,28.87,,43.349892857142855
Cuenca,2014,28.002499999999998,,48.171910714285715
Cuenca,2015,22.615000000000002,,51.481249999999996
Cuenca,2016,18.015,,53.75692857142857
Cuenca,2017,15.9025,,55.93138392857143
Cuenca,2018,15.399999999999999,,59.67688392857143
Cuenca,2019,13.065,,62.7410625
Cuenca,2020,15.6525,,63.600705357142864
Cuenca,2021,12.1075,,66.50435714285715
Cuenca,2022,9.6075,,73.05436607142857
Cuenca,2023,11.4075,,75.25794642857143
Cuenca,2024,10.495,,83.70469642857142
Cuenca,2025,10.4175,,95.23676785714285
Cáceres,2002,18.2075,,
Cáceres,2003,18.7675,,
Cáceres,2004,15.845,,
Cáceres,2005,12.95,,
Cáceres,2006,11.1525,,
Cáceres,2007,11.165,,80.63554464285714
Cáceres,2008,14.502500000000001,,74.97574107142857
Cáceres,2009,19.357499999999998,,67.92658928571429
Cáceres,2010,21.18,,67.93626785714285
Cáceres,2011,21.4975,,60.28883035714286
Cáceres,2012,31.7875,,48.69224107142857
Cáceres,2013,32.955,,43.349892857142855
Cáceres,2014,27.315,,48.171910714285715
Cáceres,2015,27.115000000000002,,51.481249999999996
Cáceres,2016,23.545,,53.75692857142857
Cáceres,2017,22.79,,55.93138392857143
Cáceres,2018,20.4825,,59.67688392857143
Cáceres,2019,19.945,,62.7410625
Cáceres,2020,20.4075,,63.600705357142864
Cáceres,2021,19.61,,66.50435714285715
Cáceres,2022,16.7775,,73.05436607142857
Cáceres,2023,14.94,,75.25794642857143
Cáceres,2024,15.7125,,83.70469642857142
Cáceres,2025,15.4375,,95.23676785714285
Cádiz,2002,27.075,,
Cádiz,2003,23.2525,,
Cádiz,2004,22.7775,,
Cádiz,2005,17.64,,
Cádiz,2006,15.3475,,
Cádiz,2007,15.02,,80.63554464285714
Cádiz,2008,19.235,,74.97574107142857
Cádiz,2009,26.79,,67.92658928571429
Cádiz,2010,30.57,,67.93626785714285
Cádiz,2011,32.525000000000006,,60.28883035714286
Cádiz,2012,36.3775,,48.69224107142857
Cádiz,2013,39.615,,43.349892857142855
Cádiz,2014,42.3075,,48.171910714285715
Cádiz,2015,38.32,,51.481249999999996
Cádiz,2016,34.3925,,53.75692857142857
Cádiz,2017,30.28,,55.93138392857143
Cádiz,2018,27.545,,59.67688392857143
Cádiz,2019,24.9025,,62.7410625
Cádiz,2020,22.9325,,63.600705357142864
Cádiz,2021,25.7925,,66.50435714285715
Cádiz,2022,23.4675,,73.05436607142857
Cádiz,2023,22.255,,75.25794642857143
Cádiz,2024,20.9725,,83.70469642857142
Cádiz,2025,18.725,,95.23676785714285
Córdoba,2002,21.247500000000002,,
Córdoba,2003,21.085,,
Córdoba,2004,20.835,,
Córdoba,2005,14.845,,
Córdoba,2006,14.485,,
Córdoba,2007,13.78,,80.63554464285714
Córdoba,2008,16.322499999999998,,74.97574107142857
Córdoba,2009,26.0025,,67.92658928571429
Córdoba,2010,28.06,,67.93626785714285
Córdoba,2011,31.6225,,60.28883035714286
Córdoba,2012,34.6475,,48.69224107142857
Córdoba,2013,35.162499999999994,,43.349892857142855
Córdoba,2014,33.64,,48.171910714285715
Córdoba,2015,29.987499999999997,,51.481249999999996
Córdoba,2016,30.245,,53.75692857142857
Córdoba,2017,28.17,,55.93138392857143
Córdoba,2018,24.737499999999997,,59.67688392857143
Córdoba,2019,23.060000000000002,,62.7410625
Córdoba,2020,24.255,,63.600705357142864
Córdoba,2021,21.052500000000002,,66.50435714285715
Córdoba,2022,19.4175,,73.05436607142857
Córdoba,2023,18.4075,,75.25794642857143
Córdoba,2024,16.6175,,83.70469642857142
Córdoba,2025,17.3,,95.23676785714285
Gipuzkoa,2002,7.0075,,
Gipuzkoa,2003,6.44,,
Gipuzkoa,2004,6.7975,,
Gipuzkoa,2005,5.695,,
Gipuzkoa,2006,5.7575,,
Gipuzkoa,2007,5.0925,,80.63554464285714
Gipuzkoa,2008,5.335,,74.97574107142857
Gipuzkoa,2009,9.282499999999999,,67.92658928571429
Gipuzkoa,2010,8.030000000000001,,67.93626785714285
Gipuzkoa,2011,10.1775,,60.28883035714286
Gipuzkoa,2012,12.97,,48.69224107142857
Gipuzkoa,2013,14.115,,43.349892857142855
Gipuzkoa,2014,14.26,,48.171910714285715
Gipuzkoa,2015,12.67,,51.481249999999996
Gipuzkoa,2016,10.2575,,53.75692857142857
Gipuzkoa,2017,9.015,,55.93138392857143
Gipuzkoa,2018,7.6975,,59.67688392857143
Gipuzkoa,2019,7.22,,62.7410625
Gipuzkoa,2020,7.585,,63.600705357142864
Gipuzkoa,2021,8.615,,66.50435714285715
Gipuzkoa,2022,7.87,,73.05436607142857
Gipuzkoa,2023,7.465,,75.25794642857143
Gipuzkoa,2024,6.3575,,83.70469642857142
Gipuzkoa,2025,6.6425,,95.23676785714285
Girona,2002,8.675,,
Girona,2003,10.39,,
Girona,2004,8.6875,,
Girona,2005,7.3225,,
Girona,2006,6.3774999999999995,,
Girona,2007,7.9625,,80.63554464285714
Girona,2008,10.96,,74.97574107142857
Girona,2009,18.005,,67.92658928571429
Girona,2010,17.857499999999998,,67.93626785714285
Girona,2011,21.7025,,60.28883035714286
Girona,2012,24.2075,,48.69224107142857
Girona,2013,22.985,,43.349892857142855
Girona,2014,22.53,,48.171910714285715
Girona,2015,19.7225,,51.481249999999996
Girona,2016,16.14,,53.75692857142857
Girona,2017,13.9625,,55.93138392857143
Girona,2018,11.3975,,59.67688392857143
Girona,2019,10.3325,,62.7410625
Girona,2020,12.6025,,63.600705357142864
Girona,2021,12.975,,66.50435714285715
Girona,2022,8.9575,,73.05436607142857
Girona,2023,9.9575,,75.25794642857143
Girona,2024,9.467500000000001,,83.70469642857142
Girona,2025,8.3725,,95.23676785714285
Granada,2002,19.675,,
Granada,2003,17.8375,,
Granada,2004,13.3775,,
Granada,2005,13.1175,,
Granada,2006,10.985,,
Granada,2007,11.8825,,80.63554464285714
Granada,2008,19.3275,,74.97574107142857
Granada,2009,26.2225,,67.92658928571429
Granada,2010,28.735,,67.93626785714285
Granada,2011,29.122500000000002,,60.28883035714286
Granada,2012,35.5875,,48.69224107142857
Granada,2013,37.035,,43.349892857142855
Granada,2014,35.915,,48.171910714285715
Granada,2015,30.942500000000003,,51.481249999999996
Granada,2016,29.9375,,53.75692857142857
Granada,2017,25.7725,,55.93138392857143
Granada,2018,23.997500000000002,,59.67688392857143
Granada,2019,22.21,,62.7410625
Granada,2020,23.775,,63.600705357142864
Granada,2021,22.63,,66.50435714285715
Granada,2022,20.9575,,73.05436607142857
Granada,2023,20.5075,,75.25794642857143
Granada,2024,21.435,,83.70469642857142
Granada,2025,18.5,,95.23676785714285
Guadalajara,2002,8.8975,,
Guadalajara,2003,8.747499999999999,,
Guadalajara,2004,8.065,,
Guadalajara,2005,6.9775,,
Guadalajara,2006,6.6625,,
Guadalajara,2007,5.0024999999999995,,80.63554464285714
Guadalajara,2008,8.7575,,74.97574107142857
Guadalajara,2009,13.9125,,67.92658928571429
Guadalajara,2010,17.2025,,67.93626785714285
Guadalajara,2011,19.5675,,60.28883035714286
Guadalajara,2012,22.6375,,48.69224107142857
Guadalajara,2013,22.560000000000002,,43.349892857142855
Guadalajara,2014,23.265,,48.171910714285715
Guadalajara,2015,19.295,,51.481249999999996
Guadalajara,2016,17.7875,,53.75692857142857
Guadalajara,2017,13.9075,,55.93138392857143
Guadalajara,2018,11.4475,,59.67688392857143
Guadalajara,2019,12.145,,62.7410625
Guadalajara,2020,14.870000000000001,,63.600705357142864
Guadalajara,2021,12.7475,,66.50435714285715
Guadalajara,2022,11.1725,,73.05436607142857
Guadalajara,2023,9.865,,75.25794642857143
Guadalajara,2024,10.875,,83.70469642857142
Guadalajara,2025,10.497499999999999,,95.23676785714285
Huelva,2002,21.439999999999998,,
Huelva,2003,19.9375,,
Huelva,2004,16.0775,,
Huelva,2005,15.682500000000001,,
Huelva,2006,14.0875,,
Huelva,2007,14.025,,80.63554464285714
Huelva,2008,17.705000000000002,,74.97574107142857
Huelva,2009,22.505,,67.92658928571429
Huelva,2010,27.305,,67.93626785714285
Huelva,2011,31.24,,60.28883035714286
Huelva,2012,34.78,,48.69224107142857
Huelva,2013,34.8275,,43.349892857142855
Huelva,2014,31.9525,,48.171910714285715
Huelva,2015,29.7625,,51.481249999999996
Huelva,2016,29.035,,53.75692857142857
Huelva,2017,24.0325,,55.93138392857143
Huelva,2018,22.9175,,59.67688392857143
Huelva,2019,21.9425,,62.7410625
Huelva,2020,20.5975,,63.600705357142864
Huelva,2021,20.377499999999998,,66.50435714285715
Huelva,2022,17.494999999999997,,73.05436607142857
Huelva,2023,18.3275,,75.25794642857143
Huelva,2024,15.125,,83.70469642857142
Huelva,2025,13.1625,,95.23676785714285
Huesca,2002,4.3375,,
Huesca,2003,3.835,,
Huesca,2004,5.415,,
Huesca,2005,6.8025,,
Huesca,2006,5.4975000000000005,,
Huesca,2007,4.0375,,80.63554464285714
Huesca,2008,5.4350000000000005,,74.97574107142857
Huesca,2009,10.8275,,67.92658928571429
Huesca,2010,12.9625,,67.93626785714285
Huesca,2011,13.345,,60.28883035714286
Huesca,2012,14.59,,48.69224107142857
Huesca,2013,17.165,,43.349892857142855
Huesca,2014,17.205,,48.171910714285715
Huesca,2015,14.4725,,51.481249999999996
Huesca,2016,12.54,,53.75692857142857
Huesca,2017,9.0475,,55.93138392857143
Huesca,2018,9.51,,59.67688392857143
Huesca,2019,9.022499999999999,,62.7410625
Huesca,2020,10.7575,,63.600705357142864
Huesca,2021,7.6175,,66.50435714285715
Huesca,2022,9.42,,73.05436607142857
Huesca,2023,8.4475,,75.25794642857143
Huesca,2024,9.129999999999999,,83.70469642857142
Huesca,2025,6.6825,,95.23676785714285
Jaén,2002,18.395,,
Jaén,2003,18.88,,
Jaén,2004,18.245,,
Jaén,2005,15.9575,,
Jaén,2006,13.6375,,
Jaén,2007,13.0525,,80.63554464285714
Jaén,2008,16.4825,,74.97574107142857
Jaén,2009,23.5775,,67.92658928571429
Jaén,2010,25.05,,67.93626785714285
Jaén,2011,28.075,,60.28883035714286
Jaén,2012,35.8125,,48.69224107142857
Jaén,2013,39.3575,,43.349892857142855
Jaén,2014,33.2825,,48.171910714285715
Jaén,2015,34.0625,,51.481249999999996
Jaén,2016,32.0925,,53.75692857142857
Jaén,2017,26.755000000000003,,55.93138392857143
Jaén,2018,23.0125,,59.67688392857143
Jaén,2019,22.29,,62.7410625
Jaén,2020,23.995,,63.600705357142864
Jaén,2021,22.09,,66.50435714285715
Jaén,2022,18.975,,73.05436607142857
Jaén,2023,18.4725,,75.25794642857143
Jaén,2024,19.335,,83.70469642857142
Jaén,2025,15.9025,,95.23676785714285
León,2002,10.435,,
León,2003,9.53,,
León,2004,8.3375,,
León,2005,10.844999999999999,,
León,2006,8.93,,
León,2007,7.6875,,80.63554464285714
León,2008,9.532499999999999,,74.97574107142857
León,2009,14.6175,,67.92658928571429
León,2010,16.1475,,67.93626785714285
León,2011,17.2,,60.28883035714286
León,2012,21.5,,48.69224107142857
León,2013,23.8925,,43.349892857142855
León,2014,24.33,,48.171910714285715
León,2015,21.2475,,51.481249999999996
León,2016,19.2175,,53.75692857142857
León,2017,16.4025,,55.93138392857143
León,2018,11.765,,59.67688392857143
León,2019,12.6875,,62.7410625
León,2020,14.46,,63.600705357142864
León,2021,13.622499999999999,,66.50435714285715
León,2022,10.629999999999999,,73.05436607142857
León,2023,10.1325,,75.25794642857143
León,2024,9.6125,,83.70469642857142
León,2025,10.155,,95.23676785714285
Lleida,2002,6.485,,
Lleida,2003,5.6575,,
Lleida,2004,4.695,,
Lleida,2005,6.175,,
Lleida,2006,6.3925,,
Lleida,2007,3.0324999999999998,,80.63554464285714
Lleida,2008,6.555,,74.97574107142857
Lleida,2009,11.56,,67.92658928571429
Lleida,2010,14.635,,67.93626785714285
Lleida,2011,13.780000000000001,,60.28883035714286
Lleida,2012,17.8325,,48.69224107142857
Lleida,2013,16.4725,,43.349892857142855
Lleida,2014,15.045,,48.171910714285715
Lleida,2015,15.0375,,51.481249999999996
Lleida,2016,11.6275,,53.75692857142857
Lleida,2017,11.67,,55.93138392857143
Lleida,2018,10.545,,59.67688392857143
Lleida,2019,9.675,,62.7410625
Lleida,2020,9.3575,,63.600705357142864
Lleida,2021,11.2175,,66.50435714285715
Lleida,2022,9.995000000000001,,73.05436607142857
Lleida,2023,7.592499999999999,,75.25794642857143
Lleida,2024,6.635,,83.70469642857142
Lleida,2025,5.2,,95.23676785714285
Lugo,2002,9.2325,,
Lugo,2003,8.1425,,
Lugo,2004,8.8325,,
Lugo,2005,6.72,,
Lugo,2006,6.565,,
Lugo,2007,5.76,,80.63554464285714
Lugo,2008,6.282500000000001,,74.97574107142857
Lugo,2009,9.405000000000001,,67.92658928571429
Lugo,2010,10.7825,,67.93626785714285
Lugo,2011,11.9075,,60.28883035714286
Lugo,2012,16.11,,48.69224107142857
Lugo,2013,18.96,,43.349892857142855
Lugo,2014,18.947499999999998,,48.171910714285715
Lugo,2015,15.9575,,51.481249999999996
Lugo,2016,14.785,,53.75692857142857
Lugo,2017,12.66,,55.93138392857143
Lugo,2018,9.1875,,59.67688392857143
Lugo,2019,8.8625,,62.7410625
Lugo,2020,8.787500000000001,,63.600705357142864
Lugo,2021,8.8725,,66.50435714285715
Lugo,2022,9.125,,73.05436607142857
Lugo,2023,8.219999999999999,,75.25794642857143
Lugo,2024,7.09,,83.70469642857142
Lugo,2025,6.3225,,95.23676785714285
Madrid,2002,7.2975,,
Madrid,2003,7.3675,,
Madrid,2004,6.737500000000001,,
Madrid,2005,6.835,,
Madrid,2006,6.3025,,
Madrid,2007,6.2425,,80.63554464285714
Madrid,2008,8.6,,74.97574107142857
Madrid,2009,13.855,,67.92658928571429
Madrid,2010,15.8425,,67.93626785714285
Madrid,2011,16.3375,,60.28883035714286
Madrid,2012,18.53,,48.69224107142857
Madrid,2013,19.7625,,43.349892857142855
Madrid,2014,18.747500000000002,,48.171910714285715
Madrid,2015,17.0575,,51.481249999999996
Madrid,2016,15.712499999999999,,53.75692857142857
Madrid,2017,13.3425,,55.93138392857143
Madrid,2018,12.219999999999999,,59.67688392857143
Madrid,2019,10.622499999999999,,62.7410625
Madrid,2020,12.497499999999999,,63.600705357142864
Madrid,2021,11.6875,,66.50435714285715
Madrid,2022,11.215,,73.05436607142857
Madrid,2023,9.955,,75.25794642857143
Madrid,2024,8.975,,83.70469642857142
Madrid,2025,7.9675,,95.23676785714285
Melilla,2002,4.220000000000001,,
Melilla,2003,8.355,,
Melilla,2004,17.5875,,
Melilla,2005,14.2575,,
Melilla,2006,13.602500000000001,,
Melilla,2007,18.1725,,80.63554464285714
Melilla,2008,19.892500000000002,,74.97574107142857
Melilla,2009,23.4675,,67.92658928571429
Melilla,2010,22.7725,,67.93626785714285
Melilla,2011,22.4075,,60.28883035714286
Melilla,2012,26.8575,,48.69224107142857
Melilla,2013,32.4075,,43.349892857142855
Melilla,2014,28.4,,48.171910714285715
Melilla,2015,33.9475,,51.481249999999996
Melilla,2016,30.7775,,53.75692857142857
Melilla,2017,27.615000000000002,,55.93138392857143
Melilla,2018,25.765,,59.67688392857143
Melilla,2019,26.9825,,62.7410625
Melilla,2020,23.6075,,63.600705357142864
Melilla,2021,25.345,,66.50435714285715
Melilla,2022,25.9025,,73.05436607142857
Melilla,2023,26.6325,,75.25794642857143
Melilla,2024,28.314999999999998,,83.70469642857142
Melilla,2025,24.817500000000003,,95.23676785714285
Murcia,2002,11.295,,
Murcia,2003,10.7875,,
Murcia,2004,10.7275,,
Murcia,2005,8.0375,,
Murcia,2006,7.8774999999999995,,
Murcia,2007,7.54,,80.63554464285714
Murcia,2008,12.43,,74.97574107142857
Murcia,2009,20.3275,,67.92658928571429
Murcia,2010,22.8625,,67.93626785714285
Murcia,2011,24.985,,60.28883035714286
Murcia,2012,27.615000000000002,,48.69224107142857
Murcia,2013,28.98,,43.349892857142855
Murcia,2014,26.585,,48.171910714285715
Murcia,2015,24.615000000000002,,51.481249999999996
Murcia,2016,19.7825,,53.75692857142857
Murcia,2017,18.0325,,55.93138392857143
Murcia,2018,16.7625,,59.67688392857143
Murcia,2019,14.68,,62.7410625
Murcia,2020,16.17,,63.600705357142864
Murcia,2021,14.7225,,66.50435714285715
Murcia,2022,13.585,,73.05436607142857
Murcia,2023,12.775,,75.25794642857143
Murcia,2024,12.7325,,83.70469642857142
Murcia,2025,12.1025,,95.23676785714285
Málaga,2002,14.91,,
Málaga,2003,16.2425,,
Málaga,2004,14.985,,
Málaga,2005,11.56,,
Málaga,2006,11.02,,
Málaga,2007,10.835,,80.63554464285714
Málaga,2008,18.1775,,74.97574107142857
Málaga,2009,26.1425,,67.92658928571429
Málaga,2010,29.122500000000002,,67.93626785714285
Málaga,2011,30.64,,60.28883035714286
Málaga,2012,34.2875,,48.69224107142857
Málaga,2013,35.735,,43.349892857142855
Málaga,2014,32.6275,,48.171910714285715
Málaga,2015,29.5675,,51.481249999999996
Málaga,2016,26.0575,,53.75692857142857
Málaga,2017,22.4375,,55.93138392857143
Málaga,2018,19.189999999999998,,59.67688392857143
Málaga,2019,17.6425,,62.7410625
Málaga,2020,20.345,,63.600705357142864
Málaga,2021,20.427500000000002,,66.50435714285715
Málaga,2022,18.4425,,73.05436607142857
Málaga,2023,16.822499999999998,,75.25794642857143
Málaga,2024,13.559999999999999,,83.70469642857142
Málaga,2025,12.9825,,95.23676785714285
Navarra,2002,5.835,,
Navarra,2003,5.7975,,
Navarra,2004,5.5725,,
Navarra,2005,5.654999999999999,,
Navarra,2006,5.375,,
Navarra,2007,4.72,,80.63554464285714
Navarra,2008,6.83,,74.97574107142857
Navarra,2009,10.8325,,67.92658928571429
Navarra,2010,11.9025,,67.93626785714285
Navarra,2011,12.9875,,60.28883035714286
Navarra,2012,16.1625,,48.69224107142857
Navarra,2013,17.93,,43.349892857142855
Navarra,2014,15.71,,48.171910714285715
Navarra,2015,13.8275,,51.481249999999996
Navarra,2016,12.485,,53.75692857142857
Navarra,2017,10.2375,,55.93138392857143
Navarra,2018,10.0275,,59.67688392857143
Navarra,2019,8.2425,,62.7410625
Navarra,2020,10.055,,63.600705357142864
Navarra,2021,10.712499999999999,,66.50435714285715
Navarra,2022,9.735,,73.05436607142857
Navarra,2023,9.945,,75.25794642857143
Navarra,2024,7.64,,83.70469642857142
Navarra,2025,7.6899999999999995,,95.23676785714285
Ourense,2002,8.4125,,
Ourense,2003,8.535,,
Ourense,2004,13.28,,
Ourense,2005,10.655,,
Ourense,2006,8.985,,
Ourense,2007,5.775,,80.63554464285714
Ourense,2008,6.25,,74.97574107142857
Ourense,2009,10.4175,,67.92658928571429
Ourense,2010,16.4275,,67.93626785714285
Ourense,2011,17.775,,60.28883035714286
Ourense,2012,20.96,,48.69224107142857
Ourense,2013,24.060000000000002,,43.349892857142855
Ourense,2014,21.345,,48.171910714285715
Ourense,2015,20.3425,,51.481249999999996
Ourense,2016,19.54,,53.75692857142857
Ourense,2017,16.47,,55.93138392857143
Ourense,2018,13.75,,59.67688392857143
Ourense,2019,12.932500000000001,,62.7410625
Ourense,2020,11.725,,63.600705357142864
Ourense,2021,10.9475,,66.50435714285715
Ourense,2022,11.4875,,73.05436607142857
Ourense,2023,9.57,,75.25794642857143
Ourense,2024,10.98,,83.70469642857142
Ourense,2025,9.48,,95.23676785714285
Palencia,2002,8.49,,
Palencia,2003,9.19,,
Palencia,2004,7.445,,
Palencia,2005,7.3925,,
Palencia,2006,7.192500000000001,,
Palencia,2007,6.16,,80.63554464285714
Palencia,2008,9.7075,,74.97574107142857
Palencia,2009,14.5925,,67.92658928571429
Palencia,2010,15.165,,67.93626785714285
Palencia,2011,17.7975,,60.28883035714286
Palencia,2012,18.9975,,48.69224107142857
Palencia,2013,21.34,,43.349892857142855
Palencia,2014,22.3125,,48.171910714285715
Palencia,2015,20.31,,51.481249999999996
Palencia,2016,15.212499999999999,,53.75692857142857
Palencia,2017,13.6275,,55.93138392857143
Palencia,2018,12.02,,59.67688392857143
Palencia,2019,10.49,,62.7410625
Palencia,2020,11.42,,63.600705357142864
Palencia,2021,9.9925,,66.50435714285715
Palencia,2022,9.5075,,73.05436607142857
Palencia,2023,8.735,,75.25794642857143
Palencia,2024,7.0,,83.70469642857142
Palencia,2025,7.61,,95.23676785714285
"Palmas, Las",2002,10.7025,,
"Palmas, Las",2003,10.425,,
"Palmas, Las",2004,11.002500000000001,,
"Palmas, Las",2005,12.6775,,
"Palmas, Las",2006,11.9675,,
"Palmas, Las",2007,11.2325,,80.63554464285714
"Palmas, Las",2008,18.21,,74.97574107142857
"Palmas, Las",2009,27.78,,67.92658928571429
"Palmas, Las",2010,30.63,,67.93626785714285
"Palmas, Las",2011,31.2875,,60.28883035714286
"Palmas, Las",2012,33.9975,,48.69224107142857
"Palmas, Las",2013,34.8225,,43.349892857142855
"Palmas, Las",2014,33.1225,,48.171910714285715
"Palmas, Las",2015,29.8675,,51.481249999999996
"Palmas, Las",2016,26.295,,53.75692857142857
"Palmas, Las",2017,24.560000000000002,,55.93138392857143
"Palmas, Las",2018,20.235,,59.67688392857143
"Palmas, Las",2019,22.22,,62.7410625
"Palmas, Las",2020,22.0425,,63.600705357142864
"Palmas, Las",2021,23.555,,66.50435714285715
"Palmas, Las",2022,17.32,,73.05436607142857
"Palmas, Las",2023,15.0475,,75.25794642857143
"Palmas, Las",2024,14.015,,83.70469642857142
"Palmas, Las",2025,14.705,,95.23676785714285
Pontevedra,2002,13.67,,
Pontevedra,2003,14.317499999999999,,
Pontevedra,2004,14.1575,,
Pontevedra,2005,11.0475,,
Pontevedra,2006,9.0425,,
Pontevedra,2007,8.0175,,80.63554464285714
Pontevedra,2008,9.887500000000001,,74.97574107142857
Pontevedra,2009,15.2525,,67.92658928571429
Pontevedra,2010,18.195,,67.93626785714285
Pontevedra,2011,20.705,,60.28883035714286
Pontevedra,2012,24.502499999999998,,48.69224107142857
Pontevedra,2013,24.7425,,43.349892857142855
Pontevedra,2014,24.7075,,48.171910714285715
Pontevedra,2015,22.465,,51.481249999999996
Pontevedra,2016,19.3875,,53.75692857142857
Pontevedra,2017,18.3125,,55.93138392857143
Pontevedra,2018,16.0175,,59.67688392857143
Pontevedra,2019,14.2925,,62.7410625
Pontevedra,2020,14.129999999999999,,63.600705357142864
Pontevedra,2021,13.747499999999999,,66.50435714285715
Pontevedra,2022,12.657499999999999,,73.05436607142857
Pontevedra,2023,10.9925,,75.25794642857143
Pontevedra,2024,11.2775,,83.70469642857142
Pontevedra,2025,10.004999999999999,,95.23676785714285
"Rioja, La",2002,7.05,,
"Rioja, La",2003,6.0325,,
"Rioja, La",2004,5.9475,,
"Rioja, La",2005,6.375,,
"Rioja, La",2006,6.1125,,
"Rioja, La",2007,5.7675,,80.63554464285714
"Rioja, La",2008,7.8925,,74.97574107142857
"Rioja, La",2009,12.6475,,67.92658928571429
"Rioja, La",2010,14.145,,67.93626785714285
"Rioja, La",2011,17.2075,,60.28883035714286
"Rioja, La",2012,20.5675,,48.69224107142857
"Rioja, La",2013,20.035,,43.349892857142855
"Rioja, La",2014,18.16,,48.171910714285715
"Rioja, La",2015,15.3825,,51.481249999999996
"Rioja, La",2016,13.535,,53.75692857142857
"Rioja, La",2017,11.9925,,55.93138392857143
"Rioja, La",2018,10.4025,,59.67688392857143
"Rioja, La",2019,9.96,,62.7410625
"Rioja, La",2020,10.8,,63.600705357142864
"Rioja, La",2021,11.605,,66.50435714285715
"Rioja, La",2022,9.55,,73.05436607142857
"Rioja, La",2023,9.375,,75.25794642857143
"Rioja, La",2024,9.745000000000001,,83.70469642857142
"Rioja, La",2025,8.1175,,95.23676785714285
Salamanca,2002,13.157499999999999,,
Salamanca,2003,15.377500000000001,,
Salamanca,2004,15.629999999999999,,
Salamanca,2005,9.3975,,
Salamanca,2006,10.05,,
Salamanca,2007,8.585,,80.63554464285714
Salamanca,2008,11.5125,,74.97574107142857
Salamanca,2009,15.6375,,67.92658928571429
Salamanca,2010,16.03,,67.93626785714285
Salamanca,2011,16.745,,60.28883035714286
Salamanca,2012,19.752499999999998,,48.69224107142857
Salamanca,2013,22.02,,43.349892857142855
Salamanca,2014,21.085,,48.171910714285715
Salamanca,2015,15.955,,51.481249999999996
Salamanca,2016,16.4775,,53.75692857142857
Salamanca,2017,14.559999999999999,,55.93138392857143
Salamanca,2018,13.0975,,59.67688392857143
Salamanca,2019,13.4,,62.7410625
Salamanca,2020,13.4675,,63.600705357142864
Salamanca,2021,13.3375,,66.50435714285715
Salamanca,2022,11.2225,,73.05436607142857
Salamanca,2023,10.82,,75.25794642857143
Salamanca,2024,11.8475,,83.70469642857142
Salamanca,2025,7.9775,,95.23676785714285
Santa Cruz De Tenerife,2002,11.495000000000001,,
Santa Cruz De Tenerife,2003,12.335,,
Santa Cruz De Tenerife,2004,12.9275,,
Santa Cruz De Tenerife,2005,10.6025,,
Santa Cruz De Tenerife,2006,11.23,,
Santa Cruz De Tenerife,2007,9.5775,,80.63554464285714
Santa Cruz De Tenerife,2008,16.13,,74.97574107142857
Santa Cruz De Tenerife,2009,23.9975,,67.92658928571429
Santa Cruz De Tenerife,2010,26.37,,67.93626785714285
Santa Cruz De Tenerife,2011,27.1,,60.28883035714286
Santa Cruz De Tenerife,2012,31.005,,48.69224107142857
Santa Cruz De Tenerife,2013,32.4825,,43.349892857142855
Santa Cruz De Tenerife,2014,31.6525,,48.171910714285715
Santa Cruz De Tenerife,2015,28.29,,51.481249999999996
Santa Cruz De Tenerife,2016,25.8175,,53.75692857142857
Santa Cruz De Tenerife,2017,22.2575,,55.93138392857143
Santa Cruz De Tenerife,2018,19.9025,,59.67688392857143
Santa Cruz De Tenerife,2019,18.6925,,62.7410625
Santa Cruz De Tenerife,2020,23.3075,,63.600705357142864
Santa Cruz De Tenerife,2021,23.4825,,66.50435714285715
Santa Cruz De Tenerife,2022,18.005000000000003,,73.05436607142857
Santa Cruz De Tenerife,2023,17.2425,,75.25794642857143
Santa Cruz De Tenerife,2024,13.48,,83.70469642857142
Santa Cruz De Tenerife,2025,12.2,,95.23676785714285
Segovia,2002,9.575,,
Segovia,2003,9.844999999999999,,
Segovia,2004,8.67,,
Segovia,2005,6.855,,
Segovia,2006,7.525,,
Segovia,2007,5.5975,,80.63554464285714
Segovia,2008,10.3925,,74.97574107142857
Segovia,2009,12.6975,,67.92658928571429
Segovia,2010,11.9225,,67.93626785714285
Segovia,2011,13.9025,,60.28883035714286
Segovia,2012,19.725,,48.69224107142857
Segovia,2013,19.3275,,43.349892857142855
Segovia,2014,14.379999999999999,,48.171910714285715
Segovia,2015,14.815,,51.481249999999996
Segovia,2016,14.16,,53.75692857142857
Segovia,2017,11.9225,,55.93138392857143
Segovia,2018,11.82,,59.67688392857143
Segovia,2019,9.8325,,62.7410625
Segovia,2020,9.145,,63.600705357142864
Segovia,2021,9.36,,66.50435714285715
Segovia,2022,8.2725,,73.05436607142857
Segovia,2023,8.065,,75.25794642857143
Segovia,2024,6.6925,,83.70469642857142
Segovia,2025,5.91,,95.23676785714285
Sevilla,2002,20.0825,,
Sevilla,2003,18.325,,
Sevilla,2004,17.2625,,
Sevilla,2005,13.8,,
Sevilla,2006,12.844999999999999,,
Sevilla,2007,12.9425,,80.63554464285714
Sevilla,2008,15.9575,,74.97574107142857
Sevilla,2009,23.5175,,67.92658928571429
Sevilla,2010,25.2675,,67.93626785714285
Sevilla,2011,27.1325,,60.28883035714286
Sevilla,2012,31.497500000000002,,48.69224107142857
Sevilla,2013,34.010000000000005,,43.349892857142855
Sevilla,2014,32.7775,,48.171910714285715
Sevilla,2015,30.5,,51.481249999999996
Sevilla,2016,27.6375,,53.75692857142857
Sevilla,2017,24.2725,,55.93138392857143
Sevilla,2018,22.44,,59.67688392857143
Sevilla,2019,21.502499999999998,,62.7410625
Sevilla,2020,22.0975,,63.600705357142864
Sevilla,2021,22.045,,66.50435714285715
Sevilla,2022,17.3875,,73.05436607142857
Sevilla,2023,16.7325,,75.25794642857143
Sevilla,2024,13.9525,,83.70469642857142
Sevilla,2025,13.865,,95.23676785714285
Soria,2002,4.845000000000001,,
Soria,2003,4.85,,
Soria,2004,4.3,,
Soria,2005,5.215,,
Soria,2006,5.217499999999999,,
Soria,2007,4.715,,80.63554464285714
Soria,2008,5.5825,,74.97574107142857
Soria,2009,10.49,,67.92658928571429
Soria,2010,12.375,,67.93626785714285
Soria,2011,13.62,,60.28883035714286
Soria,2012,14.8275,,48.69224107142857
Soria,2013,16.585,,43.349892857142855
Soria,2014,17.035,,48.171910714285715
Soria,2015,14.0775,,51.481249999999996
Soria,2016,13.2075,,53.75692857142857
Soria,2017,10.84,,55.93138392857143
Soria,2018,8.067499999999999,,59.67688392857143
Soria,2019,7.48,,62.7410625
Soria,2020,8.7625,,63.600705357142864
Soria,2021,9.2025,,66.50435714285715
Soria,2022,8.1,,73.05436607142857
Soria,2023,7.785,,75.25794642857143
Soria,2024,6.34,,83.70469642857142
Soria,2025,7.7275,,95.23676785714285
Tarragona,2002,8.74,,
Tarragona,2003,7.755,,
Tarragona,2004,8.5625,,
Tarragona,2005,7.1375,,
Tarragona,2006,6.265,,
Tarragona,2007,6.5025,,80.63554464285714
Tarragona,2008,10.06,,74.97574107142857
Tarragona,2009,17.145,,67.92658928571429
Tarragona,2010,18.5425,,67.93626785714285
Tarragona,2011,19.985,,60.28883035714286
Tarragona,2012,23.41,,48.69224107142857
Tarragona,2013,26.9125,,43.349892857142855
Tarragona,2014,23.4625,,48.171910714285715
Tarragona,2015,21.935000000000002,,51.481249999999996
Tarragona,2016,19.06,,53.75692857142857
Tarragona,2017,16.0875,,55.93138392857143
Tarragona,2018,14.965,,59.67688392857143
Tarragona,2019,13.455,,62.7410625
Tarragona,2020,15.2675,,63.600705357142864
Tarragona,2021,13.3625,,66.50435714285715
Tarragona,2022,11.395,,73.05436607142857
Tarragona,2023,11.275,,75.25794642857143
Tarragona,2024,12.6975,,83.70469642857142
Tarragona,2025,11.2325,,95.23676785714285
Teruel,2002,6.005,,
Teruel,2003,4.6825,,
Teruel,2004,4.345000000000001,,
Teruel,2005,4.7375,,
Teruel,2006,3.7575,,
Teruel,2007,4.475,,80.63554464285714
Teruel,2008,6.345000000000001,,74.97574107142857
Teruel,2009,10.25,,67.92658928571429
Teruel,2010,12.12,,67.93626785714285
Teruel,2011,14.497499999999999,,60.28883035714286
Teruel,2012,16.24,,48.69224107142857
Teruel,2013,19.7425,,43.349892857142855
Teruel,2014,20.0325,,48.171910714285715
Teruel,2015,17.025,,51.481249999999996
Teruel,2016,13.445,,53.75692857142857
Teruel,2017,12.155000000000001,,55.93138392857143
Teruel,2018,9.16,,59.67688392857143
Teruel,2019,9.77,,62.7410625
Teruel,2020,10.585,,63.600705357142864
Teruel,2021,8.385,,66.50435714285715
Teruel,2022,8.94,,73.05436607142857
Teruel,2023,9.3925,,75.25794642857143
Teruel,2024,7.197500000000001,,83.70469642857142
Teruel,2025,7.63,,95.23676785714285
Toledo,2002,11.5125,,
Toledo,2003,11.6975,,
Toledo,2004,10.46,,
Toledo,2005,9.3875,,
Toledo,2006,7.945,,
Toledo,2007,7.1025,,80.63554464285714
Toledo,2008,12.1325,,74.97574107142857
Toledo,2009,20.37,,67.92658928571429
Toledo,2010,21.735,,67.93626785714285
Toledo,2011,23.87,,60.28883035714286
Toledo,2012,28.7625,,48.69224107142857
Toledo,2013,32.0575,,43.349892857142855
Toledo,2014,29.43,,48.171910714285715
Toledo,2015,27.685,,51.481249999999996
Toledo,2016,25.4,,53.75692857142857
Toledo,2017,20.912499999999998,,55.93138392857143
Toledo,2018,19.4675,,59.67688392857143
Toledo,2019,16.86,,62.7410625
Toledo,2020,18.8375,,63.600705357142864
Toledo,2021,16.4125,,66.50435714285715
Toledo,2022,15.185,,73.05436607142857
Toledo,2023,13.64,,75.25794642857143
Toledo,2024,13.87,,83.70469642857142
Toledo,2025,13.525,,95.23676785714285
Valencia/València,2002,12.0925,,
Valencia/València,2003,11.515,,
Valencia/València,2004,10.7775,,
Valencia/València,2005,8.71,,
Valencia/València,2006,7.935,,
Valencia/València,2007,7.9925,,80.63554464285714
Valencia/València,2008,11.24,,74.97574107142857
Valencia/València,2009,20.1875,,67.92658928571429
Valencia/València,2010,21.7025,,67.93626785714285
Valencia/València,2011,23.575,,60.28883035714286
Valencia/València,2012,26.6,,48.69224107142857
Valencia/València,2013,27.66,,43.349892857142855
Valencia/València,2014,25.3775,,48.171910714285715
Valencia/València,2015,21.8075,,51.481249999999996
Valencia/València,2016,20.7225,,53.75692857142857
Valencia/València,2017,18.54,,55.93138392857143
Valencia/València,2018,15.192499999999999,,59.67688392857143
Valencia/València,2019,13.65,,62.7410625
Valencia/València,2020,15.285,,63.600705357142864
Valencia/València,2021,14.7125,,66.50435714285715
Valencia/València,2022,12.5525,,73.05436607142857
Valencia/València,2023,11.97,,75.25794642857143
Valencia/València,2024,11.7025,,83.70469642857142
Valencia/València,2025,11.004999999999999,,95.23676785714285
Valladolid,2002,13.067499999999999,,
Valladolid,2003,13.1225,,
Valladolid,2004,13.432500000000001,,
Valladolid,2005,9.095,,
Valladolid,2006,8.02,,
Valladolid,2007,7.0600000000000005,,80.63554464285714
Valladolid,2008,8.8775,,74.97574107142857
Valladolid,2009,12.6375,,67.92658928571429
Valladolid,2010,15.065000000000001,,67.93626785714285
Valladolid,2011,16.63,,60.28883035714286
Valladolid,2012,18.885,,48.69224107142857
Valladolid,2013,20.057499999999997,,43.349892857142855
Valladolid,2014,18.1475,,48.171910714285715
Valladolid,2015,16.0875,,51.481249999999996
Valladolid,2016,14.100000000000001,,53.75692857142857
Valladolid,2017,13.825,,55.93138392857143
Valladolid,2018,10.99,,59.67688392857143
Valladolid,2019,10.8675,,62.7410625
Valladolid,2020,10.605,,63.600705357142864
Valladolid,2021,10.92,,66.50435714285715
Valladolid,2022,8.5375,,73.05436607142857
Valladolid,2023,9.372499999999999,,75.25794642857143
Valladolid,2024,10.005,,83.70469642857142
Valladolid,2025,8.7925,,95.23676785714285
Zamora,2002,9.6325,,
Zamora,2003,13.3975,,
Zamora,2004,12.065,,
Zamora,2005,10.2275,,
Zamora,2006,9.1325,,
Zamora,2007,8.397499999999999,,80.63554464285714
Zamora,2008,9.485,,74.97574107142857
Zamora,2009,14.205000000000002,,67.92658928571429
Zamora,2010,17.1225,,67.93626785714285
Zamora,2011,18.4525,,60.28883035714286
Zamora,2012,23.215,,48.69224107142857
Zamora,2013,26.165,,43.349892857142855
Zamora,2014,26.2725,,48.171910714285715
Zamora,2015,21.9275,,51.481249999999996
Zamora,2016,18.887500000000003,,53.75692857142857
Zamora,2017,16.252499999999998,,55.93138392857143
Zamora,2018,17.119999999999997,,59.67688392857143
Zamora,2019,14.05,,62.7410625
Zamora,2020,13.185,,63.600705357142864
Zamora,2021,11.24,,66.50435714285715
Zamora,2022,12.385,,73.05436607142857
Zamora,2023,13.6375,,75.25794642857143
Zamora,2024,12.879999999999999,,83.70469642857142
Zamora,2025,10.6775,,95.23676785714285
Zaragoza,2002,6.175,,
Zaragoza,2003,7.5275,,
Zaragoza,2004,5.8825,,
Zaragoza,2005,5.8475,,
Zaragoza,2006,5.779999999999999,,
Zaragoza,2007,5.6975,,80.63554464285714
Zaragoza,2008,7.85,,74.97574107142857
Zaragoza,2009,13.955,,67.92658928571429
Zaragoza,2010,15.8025,,67.93626785714285
Zaragoza,2011,18.310000000000002,,60.28883035714286
Zaragoza,2012,19.92,,48.69224107142857
Zaragoza,2013,22.515,,43.349892857142855
Zaragoza,2014,20.85,,48.171910714285715
Zaragoza,2015,16.605,,51.481249999999996
Zaragoza,2016,15.4125,,53.75692857142857
Zaragoza,2017,12.17,,55.93138392857143
Zaragoza,2018,11.08,,59.67688392857143
Zaragoza,2019,10.287500000000001,,62.7410625
Zaragoza,2020,12.0625,,63.600705357142864
Zaragoza,2021,11.235,,66.50435714285715
Zaragoza,2022,9.76,,73.05436607142857
Zaragoza,2023,8.4975,,75.25794642857143
Zaragoza,2024,8.045,,83.70469642857142
Zaragoza,2025,8.4275,,95.23676785714285
Ávila,2002,8.9775,,
Ávila,2003,8.9425,,
Ávila,2004,9.5075,,
Ávila,2005,8.59,,
Ávila,2006,6.842499999999999,,
Ávila,2007,6.9399999999999995,,80.63554464285714
Ávila,2008,11.275,,74.97574107142857
Ávila,2009,19.02,,67.92658928571429
Ávila,2010,23.3175,,67.93626785714285
Ávila,2011,23.810000000000002,,60.28883035714286
Ávila,2012,24.58,,48.69224107142857
Ávila,2013,25.525,,43.349892857142855
Ávila,2014,26.0425,,48.171910714285715
Ávila,2015,22.985,,51.481249999999996
Ávila,2016,21.2325,,53.75692857142857
Ávila,2017,17.965,,55.93138392857143
Ávila,2018,16.4225,,59.67688392857143
Ávila,2019,14.7025,,62.7410625
Ávila,2020,14.43,,63.600705357142864
Ávila,2021,15.49,,66.50435714285715
Ávila,2022,13.935,,73.05436607142857
Ávila,2023,11.635,,75.25794642857143
Ávila,2024,11.1425,,83.70469642857142
Ávila,2025,8.879999999999999,,95.23676785714285
