cod_provincia,nombre_prov,year,renta__media_de_la_renta_por_unidad_de_consumo,renta__mediana_de_la_renta_por_unidad_de_consumo,renta__renta_bruta_media_por_hogar,renta__renta_bruta_media_por_persona,renta__renta_neta_media_por_hogar,renta__renta_neta_media_por_persona,ingreso__fuente_de_ingreso_otras_prestaciones,ingreso__fuente_de_ingreso_otros_ingresos,ingreso__fuente_de_ingreso_pensiones,ingreso__fuente_de_ingreso_prestaciones_por_desempleo,ingreso__fuente_de_ingreso_salario,desig__distribucion_de_la_renta_p80_p20,desig__indice_de_gini,demog__edad_media_de_la_poblacion,demog__poblacion,demog__porcentaje_de_hogares_unipersonales,demog__porcentaje_de_poblacion_de_65_y_mas_anos,demog__porcentaje_de_poblacion_espanola,demog__porcentaje_de_poblacion_menor_de_18_anos,demog__tamano_medio_del_hogar,n_municipios_con_dato
01,Álava,2015,,,,,31424.0,13317.0,,,,,,,,44.8,188.0,31.2,20.6,94.5,16.8,2.4,51
01,Álava,2016,,,,,31993.0,13635.0,,,,,,,,44.8,203.0,31.1,20.9,94.1,16.8,2.4,51
01,Álava,2017,,,,,31876.0,13826.0,,,,,,,,45.0,200.0,32.0,20.6,93.8,16.9,2.4,51
01,Álava,2018,,,,,32811.0,13914.0,,,,,,,,45.0,201.0,32.2,20.6,93.6,16.4,2.4,51
01,Álava,2019,,,,,33831.5,14761.5,,,,,,,,45.6,197.5,33.0,21.0,93.4,15.649999999999999,2.4,50
01,Álava,2020,20507.0,19250.0,39240.0,17068.0,33079.0,14291.0,,14.3,,,57.1,2.5,30.4,45.8,192.0,32.4,21.6,93.1,15.6,2.4,51
01,Álava,2021,21779.0,19950.0,41122.0,17946.0,34362.0,15046.0,,15.9,,,56.5,2.6,30.6,45.9,195.0,33.5,22.1,93.4,15.2,2.4,51
01,Álava,2022,22518.0,20650.0,42715.0,18698.0,35415.0,15683.0,,14.9,,,57.2,2.5,30.4,46.3,198.0,33.1,22.7,93.2,15.1,2.4,51
01,Álava,2023,24587.0,22750.0,46790.0,20497.0,39586.0,17163.0,,15.0,,,57.4,2.3,27.2,46.7,203.0,33.3,22.7,92.3,15.1,2.4,51
02,Albacete,2015,11851.0,10150.0,21641.5,9101.0,19543.0,8174.5,4.7,11.95,29.5,3.9,48.3,2.5,30.9,48.05,79.048,34.3,28.15,96.30000000000001,12.75,2.4,86
02,Albacete,2016,12176.5,10850.0,22399.5,9429.0,20005.5,8428.0,4.5,12.75,28.3,3.6,49.55,2.5,30.299999999999997,48.5,79.5025,34.6,28.0,96.5,12.149999999999999,2.3,86
02,Albacete,2017,12570.0,10850.0,22943.5,9847.5,20400.0,8695.5,4.7,12.05,27.85,3.25,50.55,2.4,29.75,48.7,27.7045,35.55,28.1,95.94999999999999,11.9,2.3,84
02,Albacete,2018,13436.0,12250.0,24128.0,10531.0,21362.0,9358.0,4.7,12.6,26.6,3.1,51.3,2.4,29.0,49.2,30.108,36.6,28.6,96.0,11.6,2.3,85
02,Albacete,2019,14147.5,12950.0,25272.0,11091.5,22639.5,9846.0,4.9,11.9,25.85,3.05,52.75,2.3,28.7,49.0,27.490000000000002,36.25,28.35,95.7,11.8,2.3,84
02,Albacete,2020,14423.0,12950.0,26321.0,11362.0,23107.0,10051.0,4.9,11.15,25.9,5.2,50.75,2.3,28.65,49.2,62.0,37.5,27.9,95.4,11.6,2.2,87
02,Albacete,2021,15208.0,13650.0,27295.0,12141.0,23820.0,10592.0,5.1,12.350000000000001,25.799999999999997,3.8,51.650000000000006,2.4,28.65,49.2,60.0,37.5,28.0,95.1,11.4,2.2,87
02,Albacete,2022,16105.0,14350.0,28751.5,12799.0,25396.0,11210.5,5.0,11.5,26.65,3.0,53.7,2.4,28.8,49.3,72.12,37.900000000000006,28.1,94.65,11.55,2.2,84
02,Albacete,2023,17156.5,15400.0,30894.0,13790.0,26732.0,12060.0,5.2,11.149999999999999,27.1,3.0,53.4,2.3,28.3,49.7,72.2825,38.3,28.15,94.1,11.45,2.2,84
03,Alicante,2015,12894.0,11550.0,24243.0,9734.0,21014.0,8540.0,2.5,13.45,26.7,2.9,52.75,3.0,34.3,45.15,22.093,29.9,23.799999999999997,83.65,15.6,2.4,138
03,Alicante,2016,13074.5,11550.0,24943.0,9824.0,21455.0,8421.0,2.7,13.4,25.6,2.55,53.75,3.0,34.150000000000006,44.8,22.981,27.4,22.85,84.45,15.850000000000001,2.4,138
03,Alicante,2017,13694.0,12250.0,26068.0,10483.0,22548.0,9038.0,2.8,13.5,24.8,2.3,55.1,2.8,32.7,44.9,21.408,30.7,23.1,83.2,15.7,2.4,137
03,Alicante,2018,14484.5,12950.0,27538.5,11080.5,23539.0,9634.5,3.1,13.7,24.3,2.2,55.5,2.7,32.2,45.55,22.8455,30.25,23.2,82.9,15.45,2.4,138
03,Alicante,2019,15072.0,13650.0,28632.0,11520.0,24515.0,10033.0,3.4,12.5,23.6,2.4,55.9,2.6,31.3,45.6,22.9,30.3,23.0,81.6,15.8,2.4,137
03,Alicante,2020,15166.0,13650.0,28771.0,11602.0,24741.0,9978.0,3.75,11.1,24.65,5.6,53.05,2.6,31.15,45.6,23.593,30.5,23.0,82.6,15.5,2.4,141
03,Alicante,2021,16099.0,14350.0,30501.5,12491.0,26026.5,10590.5,3.95,12.3,23.95,3.7,54.55,2.6,30.4,45.75,23.0645,30.1,22.95,81.85,15.25,2.4,138
03,Alicante,2022,16937.0,15050.0,32317.0,13294.0,27250.0,11232.0,3.8,13.0,23.7,2.3,56.0,2.6,30.4,45.9,23.18,30.2,23.2,81.0,15.1,2.4,139
03,Alicante,2023,18025.5,16450.0,35748.0,14745.0,30287.5,12356.0,3.8,13.05,23.3,2.3,55.25,2.5,30.05,46.5,23.803,30.6,23.2,80.05,15.1,2.4,138
04,Almería,2015,11636.5,10150.0,20946.5,8972.0,18870.0,7955.5,4.8,10.0,30.200000000000003,4.9,47.650000000000006,2.8,32.5,47.4,86.8545,38.849999999999994,25.5,92.80000000000001,12.4,2.2,102
04,Almería,2016,11845.0,10850.0,21212.5,9302.5,19273.0,8189.5,4.6,10.0,30.15,4.5,49.25,2.8,32.9,47.65,130.0,37.25,26.5,92.65,12.45,2.2,102
04,Almería,2017,12395.5,11550.0,22111.5,9818.5,19489.0,8561.0,4.6,10.0,29.65,4.15,50.85,2.6,31.2,47.9,129.0,40.0,26.9,92.55000000000001,12.2,2.2,102
04,Almería,2018,13245.5,11725.0,23616.5,10382.5,20858.5,9097.0,5.05,10.350000000000001,28.05,3.95,50.6,2.5,30.4,48.3,111.648,39.849999999999994,26.95,91.55000000000001,12.2,2.2,102
04,Almería,2019,13840.5,12950.0,25035.5,10741.5,22058.0,9540.5,5.2,9.5,28.25,3.8,51.45,2.4,29.25,48.45,114.0115,39.8,26.549999999999997,90.45,11.55,2.2,102
04,Almería,2020,14012.5,12950.0,25470.0,11126.0,22407.0,9775.5,5.0,8.5,28.7,6.1,50.2,2.5,29.85,48.55,90.202,40.1,25.95,90.1,11.850000000000001,2.2,102
04,Almería,2021,14659.0,12950.0,26850.5,11712.0,23287.5,10202.0,5.3,9.25,27.85,4.8,51.05,2.4,29.4,48.35,93.411,39.0,26.049999999999997,89.7,11.850000000000001,2.2,102
04,Almería,2022,15424.5,13650.0,28092.5,12295.0,24371.5,10656.5,5.45,9.55,27.0,3.8,51.95,2.4,29.8,48.25,96.3415,39.0,26.15,89.05,12.25,2.2,102
04,Almería,2023,16601.0,15050.0,30306.5,13436.0,26160.5,11650.5,5.55,10.4,27.65,3.6500000000000004,50.6,2.45,29.6,48.15,104.42750000000001,39.55,27.0,88.7,12.3,2.1,102
05,Ávila,2015,13106.5,11550.0,22171.5,10303.5,19742.0,9343.5,3.8,15.4,33.25,2.3,43.349999999999994,2.5,30.6,53.4,180.0,40.3,35.95,97.9,8.5,2.1,162
05,Ávila,2016,13375.0,11550.0,22325.0,10719.0,19999.0,9538.0,3.8,15.3,32.4,2.3,45.0,2.5,30.4,53.7,183.0,40.1,36.0,98.1,8.5,2.1,159
05,Ávila,2017,13694.0,12250.0,23107.5,10942.5,20637.5,9767.5,4.45,14.4,31.7,1.95,45.7,2.4,29.65,53.8,181.0,41.1,35.25,98.0,8.5,2.1,156
05,Ávila,2018,14557.0,12950.0,24898.0,11786.0,21902.0,10530.0,4.6,14.6,30.6,1.9,46.1,2.4,29.6,53.6,179.0,41.9,36.1,98.1,8.2,2.1,155
05,Ávila,2019,15117.5,13650.0,25703.5,12428.5,22754.0,10991.0,4.8,13.5,30.25,2.0,46.45,2.4,28.95,53.6,189.5,41.65,34.65,97.4,8.25,2.1,148
05,Ávila,2020,15690.0,13650.0,25915.0,13603.0,22904.0,12023.0,4.5,12.1,30.3,4.2,45.7,2.4,29.4,55.9,105.5,44.75,37.7,98.1,6.65,2.0,248
05,Ávila,2021,16696.0,15050.0,26888.0,14274.0,23577.0,12516.0,4.6,13.6,29.2,2.95,47.150000000000006,2.4,28.95,55.9,104.5,45.7,38.25,97.9,6.5,2.0,248
05,Ávila,2022,17638.0,15050.0,28445.0,15129.0,24792.0,13001.0,4.4,13.1,30.3,1.8,47.6,2.4,29.0,55.4,103.0,45.7,36.9,97.7,6.6,2.0,247
05,Ávila,2023,18466.5,16450.0,30618.0,16248.0,26544.0,13990.0,4.6,13.649999999999999,30.200000000000003,1.8,47.95,2.4,28.700000000000003,55.7,101.0,46.8,37.5,97.5,6.3,1.9,247
06,Badajoz,2015,10695.5,9450.0,19315.5,8061.0,17622.0,7334.0,6.2,12.7,28.55,7.5,42.75,2.4,29.35,44.55,4.942500000000001,29.7,22.5,98.7,15.149999999999999,2.4,164
06,Badajoz,2016,11004.5,9450.0,19747.5,8321.5,18052.5,7563.0,6.2,12.95,28.2,6.75,43.9,2.3499999999999996,29.3,44.95,5.314500000000001,30.15,22.95,98.75,15.05,2.4,164
06,Badajoz,2017,11458.0,10150.0,20538.0,8777.0,18654.5,7922.5,6.3,12.8,27.4,6.5,45.2,2.25,27.95,45.25,5.3870000000000005,30.6,22.95,98.8,14.850000000000001,2.4,164
06,Badajoz,2018,12008.5,10850.0,21390.5,9192.5,19301.0,8317.0,6.6,13.2,26.55,6.35,45.75,2.2,27.5,45.4,5.3685,31.15,22.85,98.7,14.5,2.3,164
06,Badajoz,2019,12622.5,11550.0,22261.0,9707.0,20082.0,8737.0,6.4,11.5,26.65,6.0,47.75,2.1,26.65,45.7,5.383,31.25,23.05,98.6,14.4,2.3,164
06,Badajoz,2020,12800.0,11550.0,22699.5,9842.0,20261.0,8835.5,6.65,9.8,27.1,8.1,46.400000000000006,2.2,27.25,45.95,5.3555,31.5,23.299999999999997,98.5,14.1,2.3,164
06,Badajoz,2021,13502.5,12250.0,23679.5,10461.5,21244.5,9341.5,6.9,10.5,26.35,6.8,48.349999999999994,2.1,26.35,46.2,5.334,31.7,23.5,98.4,14.149999999999999,2.3,164
06,Badajoz,2022,14319.5,12950.0,25299.0,11165.5,22530.0,9955.0,6.8,11.1,26.5,5.45,48.849999999999994,2.1,25.9,46.5,5.436,32.45,24.05,98.2,13.9,2.3,164
06,Badajoz,2023,15358.5,14350.0,27116.0,12091.0,24268.0,10815.5,7.05,10.95,26.25,5.4,48.7,2.1,25.85,46.7,5.388,33.0,24.6,98.0,13.850000000000001,2.3,164
07,Baleares,2015,17227.0,15050.0,35155.0,13559.0,29566.0,11211.0,2.4,16.5,17.3,2.6,59.2,2.8,32.5,41.6,7.482,29.3,17.6,84.9,18.4,2.6,67
07,Baleares,2016,17790.0,15050.0,36916.0,13977.0,30550.0,11526.0,2.4,17.3,16.5,2.4,60.0,2.7,32.5,41.5,7.567,27.9,17.0,85.0,18.6,2.6,67
07,Baleares,2017,18630.0,16450.0,39609.0,15106.0,32589.0,12327.0,2.3,17.6,16.0,2.3,59.8,2.5,31.0,41.7,7.717,29.2,17.0,84.4,18.3,2.6,67
07,Baleares,2018,19615.0,17150.0,41018.0,15753.0,33516.0,12848.0,2.7,18.4,15.5,2.2,60.0,2.5,31.0,41.6,7.812,29.0,17.0,83.8,18.3,2.6,67
07,Baleares,2019,20515.0,17850.0,42493.0,16457.0,35233.0,13421.0,2.7,18.3,15.3,2.3,60.5,2.5,30.4,41.9,7.971,29.1,17.2,82.9,17.9,2.6,67
07,Baleares,2020,19392.0,17150.0,39561.0,15215.0,32590.0,12486.0,3.0,15.1,17.7,7.4,56.0,2.7,31.7,42.0,7.966,29.2,17.3,82.7,17.8,2.6,67
07,Baleares,2021,20786.0,17850.0,43229.0,16618.0,35092.0,13421.0,3.0,17.1,16.5,4.8,57.2,2.6,30.8,42.1,8.012,29.7,17.5,82.4,17.7,2.6,67
07,Baleares,2022,22651.0,19950.0,47530.0,18359.0,37995.0,14679.0,3.1,19.1,15.9,2.4,59.4,2.5,30.0,42.2,8.295,29.4,17.7,81.7,17.4,2.6,67
07,Baleares,2023,24297.0,21350.0,52808.0,20198.0,42097.0,16092.0,2.9,19.5,15.5,2.1,59.7,2.4,29.9,42.5,8.395,29.4,17.8,81.0,17.3,2.6,67
08,Barcelona,2015,18556.0,17150.0,39054.0,14611.0,32397.5,12223.0,3.5,13.0,18.5,2.2,61.9,2.6,30.0,41.3,13.841,23.25,17.3,94.7,19.8,2.7,300
08,Barcelona,2016,19167.0,17850.0,40194.0,15091.0,33457.0,12592.5,3.6,12.4,18.2,1.8,62.650000000000006,2.5,29.95,41.55,13.98,23.2,17.6,94.55,19.9,2.7,300
08,Barcelona,2017,19814.0,17850.0,41654.5,15694.0,34366.5,12983.0,3.5,12.6,18.0,1.6,63.7,2.4,28.75,41.75,14.143,23.5,17.7,94.2,19.8,2.7,300
08,Barcelona,2018,20685.5,19250.0,43375.5,16380.0,35759.0,13511.5,3.9,12.6,17.9,1.5,63.6,2.4,28.2,41.9,13.439,23.6,17.9,94.0,19.5,2.7,300
08,Barcelona,2019,21390.0,19950.0,44940.0,17122.5,36993.5,14049.0,3.9,12.5,17.85,1.5,63.7,2.4,28.05,42.1,12.824,23.6,18.0,93.55,19.35,2.7,300
08,Barcelona,2020,21576.5,19950.0,45343.0,17497.0,37382.0,14325.0,4.2,11.3,18.1,4.15,61.5,2.4,28.3,42.4,15.038499999999999,23.9,18.3,93.4,19.0,2.7,311
08,Barcelona,2021,22593.0,20650.0,47491.0,18393.0,38748.0,14926.0,4.0,12.1,17.8,2.4,63.0,2.3,27.9,42.6,14.848500000000001,24.5,18.5,93.2,18.7,2.6,311
08,Barcelona,2022,23564.0,21350.0,50242.0,19342.0,40674.0,15665.0,4.1,12.4,18.0,1.5,63.3,2.3,27.6,42.8,14.7765,24.7,18.7,92.8,18.4,2.6,307
08,Barcelona,2023,25001.0,22750.0,53888.0,20734.0,43064.0,16679.0,4.1,12.3,17.6,1.5,63.8,2.3,27.2,43.0,14.913,24.8,19.0,92.2,17.9,2.6,307
09,Burgos,2015,17237.0,15750.0,30610.0,13906.0,26436.0,12018.0,2.3,15.6,28.1,2.1,49.2,2.5,29.65,51.9,181.0,40.3,31.6,96.2,8.9,2.2,213
09,Burgos,2016,17566.5,15750.0,31515.5,14283.5,27062.0,12219.0,2.3,14.45,27.9,1.8,51.75,2.6,29.95,52.5,175.0,41.0,32.1,96.1,8.649999999999999,2.2,212
09,Burgos,2017,17868.0,15750.0,32005.0,14603.0,27392.0,12502.0,2.7,13.1,29.1,1.5,52.9,2.5,29.2,52.8,179.0,41.7,32.6,96.2,8.7,2.2,211
09,Burgos,2018,19105.0,17500.0,34541.0,15620.0,29362.0,13320.0,2.9,14.3,27.8,1.3,52.1,2.4,28.4,52.5,179.0,41.6,32.2,95.7,8.8,2.2,207
09,Burgos,2019,19616.5,17850.0,35243.0,16047.0,30043.5,13728.5,3.0,14.05,28.4,1.5,52.35,2.4,28.0,52.25,179.0,41.2,31.5,95.1,8.7,2.2,200
09,Burgos,2020,19823.0,18200.0,34687.0,17544.0,29619.0,14981.0,3.1,13.0,28.05,3.8,50.5,2.5,28.7,55.1,99.0,45.4,34.7,96.5,6.1,2.1,371
09,Burgos,2021,20799.5,18900.0,37162.0,18988.0,31350.0,16018.0,3.1,14.850000000000001,27.2,2.4,50.5,2.4,27.85,55.2,98.0,45.5,34.9,96.3,6.1,2.1,371
09,Burgos,2022,21585.0,19950.0,37560.0,18880.0,31637.0,15831.0,3.3,13.4,28.4,1.6,51.8,2.4,28.0,55.2,100.0,45.3,35.0,95.9,6.1,2.1,369
09,Burgos,2023,22518.5,20825.0,39285.0,20239.0,32762.0,16914.0,3.3,13.850000000000001,28.9,1.5,51.8,2.4,28.1,55.7,98.0,45.8,35.5,95.9,6.1,2.0,369
10,Cáceres,2015,11497.0,10150.0,18570.0,9002.0,16971.0,8199.0,5.7,11.4,34.0,5.9,39.4,2.4,29.7,49.7,281.0,40.3,30.0,98.4,10.9,2.1,217
10,Cáceres,2016,11633.0,10150.0,18734.0,9160.0,17129.0,8302.0,5.8,11.0,34.3,5.5,40.5,2.4,30.1,50.1,275.0,40.2,30.3,98.4,10.9,2.1,217
10,Cáceres,2017,12013.5,10850.0,19394.0,9478.0,17702.5,8547.5,6.0,11.6,33.8,5.1,41.75,2.3,28.75,50.4,276.5,41.2,30.5,98.5,10.8,2.0,216
10,Cáceres,2018,12610.0,11550.0,20269.0,9994.0,18490.0,9027.0,6.2,11.6,33.0,4.8,42.2,2.3,28.3,50.7,273.0,41.4,30.7,98.4,10.6,2.0,217
10,Cáceres,2019,13298.5,12250.0,21310.5,10595.0,19364.0,9547.5,6.1,10.5,32.55,4.8,43.0,2.2,27.4,50.75,279.5,42.05,30.8,98.5,10.649999999999999,2.0,216
10,Cáceres,2020,13413.0,12250.0,21792.0,10837.0,19598.0,9740.0,6.3,9.0,33.55,7.05,42.25,2.2,27.75,50.8,264.0,42.7,30.7,98.3,10.4,2.0,223
10,Cáceres,2021,14113.0,12950.0,23164.0,11518.0,20660.0,10254.0,6.4,10.7,31.8,5.8,43.1,2.2,27.1,51.3,263.0,42.8,30.5,98.2,10.1,2.0,223
10,Cáceres,2022,14846.0,13650.0,24427.0,11987.5,21466.5,10698.0,6.4,10.1,32.95,4.45,45.1,2.2,27.1,51.349999999999994,268.5,42.9,30.8,97.9,10.5,2.0,218
10,Cáceres,2023,16003.0,15050.0,26202.0,13178.0,23419.0,11788.0,6.6,10.350000000000001,32.8,4.3,44.5,2.2,26.7,51.4,265.0,43.7,31.4,97.8,10.5,2.0,219
11,Cádiz,2015,11110.0,9800.0,21500.0,8351.5,19108.0,7415.0,6.55,9.45,24.1,6.6,52.55,2.7,32.1,40.4,12.213999999999999,24.55,15.6,98.35,18.8,2.7,44
11,Cádiz,2016,11428.0,10150.0,21833.5,8585.5,19578.0,7644.5,6.55,9.2,23.55,6.300000000000001,53.5,2.6,31.6,40.75,12.484,24.8,15.75,98.35,18.9,2.6,44
11,Cádiz,2017,11861.0,10850.0,22958.0,8947.5,20337.5,8059.5,6.5,9.3,23.2,5.8,55.05,2.5,30.299999999999997,41.1,12.437999999999999,25.200000000000003,15.95,98.35,18.6,2.6,44
11,Cádiz,2018,12584.0,11550.0,24234.0,9458.0,21527.0,8514.0,6.7,9.4,22.5,5.5,55.9,2.4,29.5,41.4,12.202,25.3,16.3,98.2,18.4,2.6,45
11,Cádiz,2019,13347.0,12250.0,25956.0,10044.0,22901.0,9004.0,6.8,9.1,22.1,5.4,55.7,2.3,28.7,41.7,12.205,25.8,16.7,97.8,18.1,2.6,45
11,Cádiz,2020,13510.0,12250.0,25966.0,10262.0,22965.0,9120.0,7.0,8.1,22.6,8.6,53.4,2.4,29.4,42.1,12.164,26.3,17.1,97.5,17.7,2.6,45
11,Cádiz,2021,14273.0,12950.0,27586.0,10973.0,24101.0,9658.0,7.2,9.5,22.0,6.3,55.7,2.4,28.4,42.5,12.133,26.6,17.4,97.1,17.3,2.5,45
11,Cádiz,2022,15221.0,13650.0,29030.0,11726.0,25416.0,10286.0,7.3,10.0,22.4,4.6,56.4,2.4,28.1,42.8,12.238,26.7,17.7,97.1,17.1,2.5,45
11,Cádiz,2023,16358.0,15050.0,31697.0,12893.0,27591.0,11182.0,7.5,10.2,21.9,4.5,55.9,2.2,27.1,43.1,12.227,27.3,18.4,96.6,16.9,2.5,45
12,Castellón,2015,14183.0,12950.0,25724.5,11384.5,22443.5,9910.5,3.6,13.1,28.799999999999997,2.7,50.55,2.5,30.6,47.7,164.0,34.7,27.299999999999997,91.55,13.9,2.3,116
12,Castellón,2016,14724.0,12950.0,26718.0,11760.0,23295.0,10249.0,3.6,13.4,28.6,2.2,52.1,2.5,30.3,47.9,161.0,33.9,28.0,92.1,13.7,2.3,117
12,Castellón,2017,15171.0,13650.0,27423.0,12185.0,23594.0,10579.0,3.8,12.4,27.7,2.0,53.1,2.4,29.1,48.1,156.0,35.6,28.0,92.0,13.3,2.3,117
12,Castellón,2018,16156.5,14350.0,28771.0,12988.5,24949.0,11205.0,4.0,12.350000000000001,26.799999999999997,1.9,53.55,2.3499999999999996,28.05,47.95,158.0,36.15,28.15,91.4,13.5,2.3,118
12,Castellón,2019,16894.0,15050.0,30300.5,13837.0,26077.5,11879.5,4.4,12.25,26.35,2.1,53.95,2.3,27.7,48.05,161.0,36.35,27.8,91.4,13.6,2.2,116
12,Castellón,2020,17048.0,15050.0,30156.0,14266.0,25645.0,12240.0,4.4,10.8,26.3,4.1,52.4,2.3,28.1,48.5,116.0,38.8,27.6,92.4,12.7,2.2,135
12,Castellón,2021,17943.0,15750.0,31042.0,14763.0,26799.0,12617.0,4.4,12.149999999999999,25.75,2.7,53.650000000000006,2.3499999999999996,27.5,48.6,119.0,38.4,26.1,92.1,12.6,2.2,135
12,Castellón,2022,18764.0,17150.0,33859.0,15528.0,28519.0,13259.0,4.4,11.4,25.2,2.2,54.7,2.3,27.8,48.2,117.0,37.7,25.8,91.1,12.7,2.2,133
12,Castellón,2023,19519.5,17850.0,35756.0,16609.0,30457.0,14079.0,4.5,11.8,25.35,2.5,54.8,2.4,27.85,48.0,117.0,37.4,26.4,89.9,12.8,2.2,133
13,Ciudad Real,2015,11359.0,9450.0,21150.5,8649.5,19102.5,7828.0,5.6,12.3,31.3,4.4,45.05,2.4,30.65,47.0,14.4155,31.7,26.5,96.3,13.45,2.4,100
13,Ciudad Real,2016,11914.0,10150.0,22003.0,9083.0,19863.0,8198.0,5.6,13.4,30.0,3.8,46.3,2.4,30.1,47.2,15.514,31.5,26.7,96.5,12.9,2.4,101
13,Ciudad Real,2017,12323.0,10850.0,23050.0,9468.5,20569.0,8505.5,5.5,13.05,28.5,3.55,47.75,2.3,29.05,47.349999999999994,17.834,32.65,26.9,96.7,13.149999999999999,2.4,100
13,Ciudad Real,2018,13195.0,11550.0,24204.0,10112.0,21520.0,9003.0,5.7,12.6,28.5,3.5,48.1,2.3,28.5,47.8,17.827,32.8,27.4,96.7,13.2,2.3,101
13,Ciudad Real,2019,13580.5,12250.0,24982.5,10625.0,22201.0,9498.0,5.7,11.8,27.9,3.3,49.0,2.2,28.25,48.1,17.729999999999997,33.95,27.3,96.6,12.75,2.3499999999999996,100
13,Ciudad Real,2020,13916.0,12250.0,25310.0,10954.0,22481.0,9741.0,5.8,9.8,28.1,5.5,49.2,2.3,28.8,48.3,30.265,33.6,27.5,96.7,12.8,2.3,101
13,Ciudad Real,2021,14618.0,12950.0,26831.0,11614.0,23748.0,10219.0,5.8,10.8,27.7,3.8,51.1,2.3,28.0,48.3,17.586,34.2,27.3,96.7,12.4,2.3,101
13,Ciudad Real,2022,15562.0,13650.0,28528.0,12371.0,25053.0,10884.0,5.8,11.2,27.9,3.0,51.2,2.3,28.1,48.6,30.273,35.1,26.9,96.0,12.2,2.3,101
13,Ciudad Real,2023,16619.0,15050.0,30519.0,13381.0,26589.0,11698.0,5.8,10.5,28.4,3.0,51.0,2.3,27.8,48.9,31.108,35.6,28.4,95.7,12.3,2.2,101
14,Córdoba,2015,11320.0,10150.0,21204.0,8584.0,19188.0,7800.0,4.9,12.0,29.0,7.2,45.8,2.4,29.5,43.1,5.017,27.9,20.8,98.4,17.0,2.5,75
14,Córdoba,2016,11770.0,10850.0,21940.0,8932.0,19776.0,8012.0,4.7,12.7,27.3,6.7,46.4,2.4,29.2,43.7,4.998,27.7,20.7,98.3,16.9,2.5,75
14,Córdoba,2017,12470.0,10850.0,22936.0,9419.0,20541.0,8438.0,4.7,13.3,26.5,6.2,48.5,2.2,28.1,43.8,4.955,28.7,20.8,98.4,16.4,2.5,75
14,Córdoba,2018,12897.0,11550.0,23870.0,9894.0,21385.0,8760.0,5.2,12.4,26.2,5.9,49.5,2.2,27.4,44.0,4.87,28.2,20.9,98.3,16.5,2.5,77
14,Córdoba,2019,13505.0,12250.0,24823.0,10275.0,22318.0,9206.0,5.4,11.1,26.3,5.7,51.1,2.2,27.1,44.1,4.858,28.5,20.9,98.4,16.4,2.5,77
14,Córdoba,2020,13647.0,12250.0,25302.0,10501.0,22548.0,9318.0,5.5,9.7,26.6,8.5,49.3,2.2,27.5,44.4,4.957,28.7,21.3,98.1,16.4,2.5,77
14,Córdoba,2021,14523.0,12950.0,26767.0,11290.0,23620.0,9913.0,5.6,10.9,25.3,6.4,50.4,2.1,26.3,44.6,4.95,29.9,21.7,98.1,15.9,2.4,77
14,Córdoba,2022,15188.0,13650.0,27997.0,11843.0,24599.0,10342.0,5.9,10.4,26.0,5.2,51.1,2.2,26.5,44.9,4.946,29.9,21.8,97.8,15.9,2.4,77
14,Córdoba,2023,16236.0,15050.0,30069.0,12824.0,26514.0,11142.0,6.1,10.3,26.0,5.0,51.0,2.1,25.8,45.1,4.884,30.1,22.4,97.6,15.6,2.4,77
15,A Coruña,2015,14342.0,12950.0,28669.0,10863.0,25257.0,9479.0,3.8,10.0,33.6,2.5,49.9,2.3,27.6,48.6,5.495,26.9,28.7,98.7,12.0,2.6,93
15,A Coruña,2016,14798.0,13650.0,29330.0,11121.0,25958.0,9818.0,3.7,10.0,32.7,2.2,51.4,2.3,27.4,48.9,5.419,27.2,28.7,98.6,12.0,2.5,93
15,A Coruña,2017,15236.0,14350.0,30513.0,11560.0,26649.0,10135.0,3.8,10.5,32.1,2.0,52.0,2.2,26.7,49.1,5.332,27.5,29.3,98.5,12.1,2.6,93
15,A Coruña,2018,15964.0,15050.0,31888.0,12184.0,27786.0,10732.0,4.0,10.4,31.8,1.8,52.9,2.2,26.3,49.4,5.275,27.6,29.7,98.4,12.1,2.5,93
15,A Coruña,2019,16912.0,15750.0,33584.0,12753.0,29131.0,11249.0,4.1,10.2,31.2,1.7,53.0,2.2,25.8,49.6,5.218,27.9,29.9,98.1,11.9,2.5,93
15,A Coruña,2020,17061.0,15750.0,33739.0,13006.0,29324.0,11394.0,4.2,9.1,31.7,4.1,50.6,2.2,25.9,49.9,5.225,28.4,29.8,98.0,12.1,2.5,93
15,A Coruña,2021,17803.0,16450.0,35119.0,13613.0,30342.0,11940.0,4.2,10.4,31.1,2.7,51.5,2.2,25.8,50.1,5.245,28.9,30.1,97.8,11.9,2.5,93
15,A Coruña,2022,19033.0,17850.0,37411.0,14792.0,31943.0,12828.0,4.2,11.1,30.8,1.6,52.2,2.2,25.7,50.3,5.237,29.5,30.3,97.3,11.9,2.5,93
15,A Coruña,2023,20421.0,19250.0,40677.0,16219.0,34470.0,13775.0,4.1,11.4,30.9,1.6,51.8,2.2,25.7,50.5,5.188,30.0,30.7,97.2,11.8,2.4,93
16,Cuenca,2015,12030.5,10150.0,20830.5,9443.0,18873.0,8536.5,4.8,14.649999999999999,33.7,2.7,43.45,2.4,30.1,51.150000000000006,218.5,38.5,33.1,93.55,10.3,2.2,166
16,Cuenca,2016,12431.0,10850.0,22066.0,9726.0,19617.0,8718.0,4.4,15.6,32.0,2.3,44.0,2.4,30.4,51.7,204.0,37.8,33.3,93.9,10.6,2.2,167
16,Cuenca,2017,12884.0,11550.0,22682.0,10156.5,20253.5,9147.5,4.65,15.149999999999999,31.5,2.1,45.4,2.3,29.1,51.849999999999994,204.0,38.5,33.6,93.80000000000001,10.05,2.2,162
16,Cuenca,2018,13776.0,12250.0,24151.0,10811.0,21510.0,9738.0,4.8,15.5,30.6,2.0,45.8,2.4,28.5,52.3,194.0,39.4,33.9,93.0,9.9,2.2,165
16,Cuenca,2019,14288.0,12950.0,24797.0,11330.0,22107.5,10116.5,5.0,14.2,30.5,2.0,47.4,2.3,28.4,52.1,198.0,39.05,32.8,92.7,10.0,2.2,160
16,Cuenca,2020,14747.0,12950.0,24448.0,12995.5,21604.0,11420.5,4.9,13.6,30.1,3.9,46.0,2.4,28.4,53.75,118.0,42.7,34.150000000000006,94.05,7.95,2.0,238
16,Cuenca,2021,15585.0,14175.0,25867.0,13871.5,22746.0,12118.0,4.9,15.1,28.95,2.8,46.8,2.4,28.85,53.650000000000006,114.5,43.45,34.05,93.9,7.9,2.0,238
16,Cuenca,2022,16227.5,14350.0,28022.0,13863.0,24194.0,12291.0,4.9,13.05,29.5,2.0,49.65,2.4,29.05,53.7,117.0,44.2,32.7,92.0,7.7,2.1,235
16,Cuenca,2023,17272.0,15050.0,30067.0,14993.0,26219.0,13132.0,4.9,12.149999999999999,29.0,2.2,50.5,2.4,28.9,54.1,120.0,43.9,33.6,92.4,7.8,2.0,235
17,Girona,2015,18225.0,16100.0,37644.0,14386.0,31505.0,11985.0,2.6,17.6,19.3,1.9,57.3,2.6,31.3,43.0,187.0,26.3,19.7,90.1,18.2,2.6,217
17,Girona,2016,18730.0,16450.0,38992.0,14779.0,32487.0,12214.0,2.6,17.1,19.2,1.6,58.6,2.6,31.5,43.3,183.0,26.0,19.9,90.1,18.5,2.6,217
17,Girona,2017,19421.0,17150.0,40577.5,15364.5,33320.0,12639.5,2.5,16.35,19.1,1.4,58.95,2.5,30.55,43.3,186.0,26.8,20.3,90.3,18.3,2.6,218
17,Girona,2018,20154.0,18550.0,42534.0,16017.0,34844.0,13259.0,2.7,17.3,18.8,1.3,58.4,2.5,29.3,43.5,188.0,26.7,20.6,89.7,18.1,2.6,219
17,Girona,2019,20957.0,19250.0,44115.0,16730.0,36150.0,13765.0,2.8,16.8,18.9,1.4,58.8,2.4,29.3,43.7,191.0,26.6,20.6,88.9,18.0,2.6,217
17,Girona,2020,21184.0,19250.0,45125.0,17150.0,36654.0,13956.0,3.2,15.25,19.5,3.9,56.9,2.5,29.6,43.8,187.0,27.0,20.8,88.7,17.8,2.6,221
17,Girona,2021,22313.0,19950.0,47711.0,18165.0,38434.0,14796.0,2.8,17.0,18.6,2.4,57.7,2.5,29.2,44.1,188.0,27.6,20.8,88.7,17.5,2.6,219
17,Girona,2022,23476.0,20650.0,50837.0,19419.0,40918.0,15676.0,2.9,18.0,18.5,1.4,57.7,2.4,29.1,44.2,189.0,27.1,21.0,88.7,17.4,2.6,219
17,Girona,2023,24862.0,22050.0,54177.0,20682.0,43263.0,16615.0,2.9,17.5,18.7,1.3,58.0,2.4,28.5,44.3,192.0,27.5,21.2,88.1,17.3,2.6,219
18,Granada,2015,11247.0,10150.0,20548.0,8671.5,18600.0,7778.5,6.8,11.6,28.15,6.2,43.5,2.8,32.650000000000006,44.349999999999994,10.494,31.900000000000002,21.9,96.2,15.1,2.4,172
18,Granada,2016,11427.5,10150.0,20709.5,8764.0,18644.5,7870.0,6.6,11.6,27.35,6.2,44.349999999999994,2.8,32.849999999999994,44.6,13.033,32.2,22.25,96.2,14.95,2.4,172
18,Granada,2017,12024.5,10850.0,21791.0,9278.0,19571.0,8326.5,6.5,11.7,27.0,5.7,45.05,2.6,31.65,44.9,14.375,33.349999999999994,21.85,96.2,15.2,2.4,172
18,Granada,2018,12483.0,11550.0,22353.0,9674.0,19933.0,8655.0,6.9,11.6,27.1,5.6,46.0,2.6,31.1,45.2,15.083,34.2,21.8,95.7,14.8,2.4,173
18,Granada,2019,12973.5,11900.0,23475.0,10039.0,20983.5,8981.5,6.8,11.1,26.700000000000003,5.15,46.650000000000006,2.6,30.35,45.3,14.6805,34.4,21.95,95.15,14.7,2.3,174
18,Granada,2020,13202.5,12250.0,23830.0,10177.5,21307.0,9063.0,7.05,10.2,27.2,8.1,45.0,2.6,30.75,45.45,14.803,34.4,21.8,94.8,14.5,2.3,174
18,Granada,2021,14044.5,12250.0,25291.5,10964.5,22259.0,9667.5,7.0,11.149999999999999,26.35,6.45,46.45,2.5,29.85,45.6,15.4465,34.650000000000006,22.15,94.55,14.3,2.3,174
18,Granada,2022,14744.5,12950.0,26755.5,11567.0,23461.5,10184.0,7.2,11.1,26.7,4.9,47.5,2.5,29.9,45.7,14.8645,35.1,22.45,94.25,14.149999999999999,2.3,174
18,Granada,2023,15714.0,14350.0,28726.5,12708.0,25307.0,11105.5,7.4,10.95,27.05,4.8,47.6,2.4,29.1,45.9,15.052499999999998,35.3,23.25,93.95,14.25,2.3,174
19,Guadalajara,2015,14570.5,12950.0,25177.0,11716.5,22010.0,10248.5,3.7,11.9,26.25,2.8,52.55,2.7,32.2,48.85,136.0,42.1,27.799999999999997,90.7,11.5,2.2,114
19,Guadalajara,2016,14628.0,12950.0,25087.0,11947.0,21806.0,10302.0,3.7,12.3,26.0,2.5,53.6,2.7,32.1,48.9,130.0,42.0,27.5,90.5,12.5,2.1,111
19,Guadalajara,2017,15300.0,13650.0,26505.5,12487.0,23030.0,10839.0,3.6500000000000004,11.4,25.4,2.3,55.45,2.6,31.1,49.85,129.5,43.099999999999994,27.6,90.85,11.649999999999999,2.1,110
19,Guadalajara,2018,16244.0,14350.0,28266.0,13310.5,24405.5,11404.5,4.0,12.1,25.55,2.1,54.6,2.5,30.2,49.5,133.5,43.8,27.3,90.45,11.4,2.1,110
19,Guadalajara,2019,16715.0,15050.0,28976.0,13885.0,25026.5,11880.5,4.2,11.649999999999999,25.0,2.2,55.150000000000006,2.5,29.75,49.5,135.5,42.7,26.7,89.25,12.149999999999999,2.1,106
19,Guadalajara,2020,17067.0,15225.0,28186.0,16311.0,24134.0,13966.0,3.9,11.350000000000001,24.95,4.5,54.6,2.5,29.75,55.0,55.0,53.55,34.35,93.95,6.4,1.85,288
19,Guadalajara,2021,17973.0,16100.0,30023.0,17445.0,25639.0,14898.0,3.9,12.8,23.8,2.9,54.6,2.5,29.7,55.1,54.0,54.1,34.95,93.6,6.3,1.8,288
19,Guadalajara,2022,18942.0,17150.0,31262.0,17868.0,26487.5,15121.0,4.0,12.05,24.65,1.9,56.25,2.5,30.0,54.95,56.0,54.2,33.95,92.55,6.3,1.8,288
19,Guadalajara,2023,20023.5,17850.0,33453.0,18939.0,28562.0,15959.0,4.15,11.3,23.6,2.1,57.2,2.5,30.05,55.0,55.0,55.0,34.349999999999994,91.25,6.55,1.8,288
20,Gipuzkoa,2016,21352.0,19950.0,41514.0,17023.5,35222.5,14438.0,,11.45,,,60.8,2.6,30.9,42.4,14.574,31.15,19.75,94.6,19.75,2.4,88
20,Gipuzkoa,2017,21929.0,20650.0,42640.5,17479.5,36092.0,14671.0,,12.0,,,61.7,2.4,28.65,42.650000000000006,14.6205,31.45,19.7,94.35,19.8,2.4,88
20,Gipuzkoa,2018,22725.0,21350.0,44203.5,18208.0,37324.5,15336.0,,11.5,,,62.8,2.3,28.35,42.9,14.712499999999999,31.299999999999997,19.95,93.75,19.6,2.4,88
20,Gipuzkoa,2019,23498.0,22050.0,46016.5,19130.0,38850.0,15926.5,,11.4,,,62.55,2.3,27.7,43.3,14.8065,31.6,20.5,93.5,19.05,2.4,88
20,Gipuzkoa,2020,23433.5,22050.0,46175.5,18866.0,38870.5,15780.0,,10.7,,,58.150000000000006,2.3499999999999996,27.700000000000003,43.6,14.8225,31.700000000000003,20.65,93.1,19.05,2.4,88
20,Gipuzkoa,2021,24051.0,22050.0,47334.5,19489.0,39502.5,16201.5,,10.55,,,59.55,2.3,27.25,43.9,14.7295,31.6,21.05,93.15,18.75,2.4,88
20,Gipuzkoa,2022,26047.5,24150.0,51052.0,21006.5,43095.0,17550.5,,10.6,,,60.1,2.3,27.1,43.9,14.747,31.7,21.15,92.75,18.5,2.4,88
20,Gipuzkoa,2023,28130.0,26250.0,55466.0,22749.0,46460.5,19031.5,,10.1,,,59.9,2.2,25.2,44.05,14.763,31.95,21.85,92.35,17.8,2.4,88
21,Huelva,2015,11596.0,10150.0,21862.5,8856.0,19454.5,7869.0,5.85,8.75,27.3,6.4,50.55,2.5,30.5,43.75,9.7255,29.95,20.15,97.5,16.25,2.4,78
21,Huelva,2016,11911.0,10850.0,22163.5,9103.0,19845.0,8138.5,5.6,8.7,26.75,6.15,51.5,2.6,30.75,43.849999999999994,9.806000000000001,29.5,20.55,97.55,16.15,2.4,78
21,Huelva,2017,12424.0,10850.0,23029.5,9589.5,20579.5,8432.5,5.6,8.45,25.75,5.6,53.849999999999994,2.4,29.1,43.95,9.8775,30.75,20.75,97.5,16.25,2.4,78
21,Huelva,2018,13117.0,11550.0,24603.0,10111.0,21743.0,8971.0,5.8,8.7,25.8,5.3,54.3,2.3,28.5,44.3,9.192,31.0,20.9,97.2,15.9,2.4,79
21,Huelva,2019,13967.0,12250.0,26061.0,10666.0,22990.0,9358.0,5.6,8.0,25.4,5.1,55.7,2.2,27.6,44.7,9.321,31.4,21.1,96.6,15.7,2.4,79
21,Huelva,2020,14027.0,12250.0,26561.0,10999.0,23592.0,9614.0,5.7,7.3,25.1,7.2,53.9,2.3,28.3,44.8,9.386,31.7,21.1,96.6,15.4,2.4,79
21,Huelva,2021,14904.0,13650.0,27987.0,11710.0,24576.0,10188.0,6.0,8.2,24.8,5.7,54.7,2.3,27.3,45.1,9.437,31.7,21.2,96.4,15.5,2.4,79
21,Huelva,2022,15823.0,14350.0,29561.0,12335.0,25704.0,10728.0,6.0,8.2,25.4,4.6,55.5,2.2,27.1,45.0,9.6,32.0,21.6,95.4,15.7,2.3,79
21,Huelva,2023,16794.0,15050.0,31750.0,13288.0,27420.0,11590.0,6.1,8.4,25.4,4.3,55.7,2.2,26.8,45.2,9.688,32.1,21.9,95.1,15.1,2.3,79
22,Huesca,2015,16640.0,15050.0,31853.5,13208.0,27140.5,11314.5,3.0,18.65,26.1,1.8,48.95,2.4,28.8,49.9,213.5,34.9,29.4,94.4,11.649999999999999,2.4,178
22,Huesca,2016,16971.0,15050.0,32725.0,13365.0,27984.0,11481.0,2.8,17.2,25.5,1.6,50.6,2.4,29.2,50.2,211.0,34.2,29.7,94.7,11.2,2.4,177
22,Huesca,2017,17539.0,15750.0,34003.0,14055.0,28826.0,11905.0,3.0,17.7,25.0,1.3,51.3,2.4,28.4,49.9,218.0,35.1,29.2,94.3,11.5,2.4,173
22,Huesca,2018,18451.0,16625.0,35657.5,14763.5,30330.5,12644.0,3.2,18.7,24.6,1.3,50.95,2.4,27.75,50.1,213.0,35.25,29.7,94.0,11.5,2.4,172
22,Huesca,2019,19088.0,17150.0,36833.0,15303.0,30954.0,13004.0,3.3,17.8,24.4,1.2,51.7,2.4,27.6,49.9,213.0,35.9,29.5,93.4,11.5,2.3,169
22,Huesca,2020,19392.0,17850.0,37821.0,16296.0,31682.0,13837.5,3.3,16.5,24.0,3.2,51.3,2.4,27.9,50.150000000000006,178.0,36.25,29.8,93.15,11.1,2.3,202
22,Huesca,2021,20324.5,18550.0,40464.0,17233.0,33485.0,14367.5,3.3,17.9,23.25,2.1,51.8,2.4,27.75,50.3,181.5,36.4,29.1,92.6,11.4,2.3,202
22,Huesca,2022,20996.0,19250.0,41199.0,17316.5,34090.0,14413.5,3.3,17.0,24.1,1.3,52.5,2.4,28.0,49.9,187.0,36.05,29.05,92.15,11.649999999999999,2.3,198
22,Huesca,2023,22128.0,19950.0,43372.5,18590.0,35969.0,15424.5,3.4,16.8,23.7,1.3,53.0,2.3,27.7,50.0,185.5,36.9,28.85,91.45,11.45,2.3,198
23,Jaén,2015,10742.0,9450.0,20044.0,8045.0,18181.0,7359.0,6.9,13.3,27.7,7.4,44.1,2.4,29.5,43.3,4.411,30.2,20.4,97.7,16.5,2.5,97
23,Jaén,2016,11378.0,10150.0,21035.0,8657.0,19055.0,7852.0,6.5,16.0,26.4,6.9,43.2,2.4,29.2,43.6,4.564,29.8,20.5,97.8,16.3,2.4,97
23,Jaén,2017,11846.0,10850.0,21594.0,8958.0,19481.0,8116.0,6.5,14.5,25.8,6.3,45.7,2.2,27.9,43.9,4.563,30.3,21.0,97.8,15.8,2.4,97
23,Jaén,2018,12248.0,10850.0,22219.0,9296.0,20029.0,8428.0,6.7,13.3,26.0,6.2,47.3,2.2,27.9,44.2,4.526,30.3,21.2,97.7,15.5,2.4,97
23,Jaén,2019,12796.0,11550.0,23032.0,9682.0,20680.0,8704.0,7.1,11.2,26.1,6.0,49.3,2.2,27.6,44.6,4.528,30.5,21.4,97.5,15.4,2.4,97
23,Jaén,2020,12879.0,11550.0,23209.0,9828.0,20916.0,8852.0,7.4,9.9,26.8,8.6,46.7,2.3,28.1,44.8,4.596,31.3,21.4,97.5,15.3,2.4,97
23,Jaén,2021,14088.0,12950.0,25316.0,10818.0,22628.0,9687.0,7.2,13.8,25.1,6.5,46.8,2.2,26.8,45.0,4.643,31.5,21.7,97.3,15.0,2.3,97
23,Jaén,2022,14336.0,12950.0,25631.0,10999.0,23000.0,9831.0,7.8,10.9,26.8,5.8,48.3,2.2,27.5,45.2,4.614,31.6,21.8,96.9,15.0,2.3,97
23,Jaén,2023,15342.0,14350.0,27478.0,11914.0,24473.0,10515.0,8.1,10.2,27.1,5.6,48.5,2.2,27.1,45.6,4.57,32.0,22.3,96.9,14.8,2.3,97
24,León,2015,14879.0,12950.0,26095.0,11663.0,23136.0,10400.0,5.0,13.3,38.6,2.2,39.5,2.3,28.2,54.7,298.0,38.3,36.3,97.8,7.2,2.2,207
24,León,2016,15042.0,13650.0,26404.0,11861.0,23341.0,10511.0,5.0,12.3,38.7,2.0,40.9,2.4,28.4,54.7,287.0,38.7,36.4,97.9,7.1,2.2,207
24,León,2017,15488.0,13650.0,27155.5,12264.0,23927.0,10854.5,5.5,12.05,38.25,1.8,41.5,2.4,27.9,54.9,296.5,39.55,36.6,97.8,7.2,2.2,206
24,León,2018,16480.5,15050.0,28730.5,13191.5,25425.5,11585.0,5.7,12.7,36.5,1.6,41.55,2.3,27.3,55.0,296.0,39.7,36.7,97.85,7.25,2.1,206
24,León,2019,17113.0,15750.0,30022.0,13737.0,26282.0,12030.0,5.7,12.2,36.8,1.7,42.3,2.3,26.9,55.2,293.0,40.3,37.2,97.6,7.1,2.1,205
24,León,2020,17414.0,15750.0,30199.0,14031.0,26345.0,12281.0,5.55,11.0,36.45,3.4,41.3,2.3,27.15,55.1,269.0,41.2,37.2,97.5,6.9,2.1,211
24,León,2021,18356.0,16450.0,31787.0,14859.0,27781.0,12949.0,5.5,12.5,34.9,2.4,41.3,2.3,27.0,55.2,273.0,41.2,37.7,97.5,7.1,2.1,211
24,León,2022,19231.0,17150.0,33506.0,15664.0,28811.0,13517.0,5.6,12.25,35.7,1.6,42.45,2.3,27.35,55.2,281.0,41.9,37.4,97.2,7.2,2.1,209
24,León,2023,20440.0,18550.0,36169.0,17085.0,30905.0,14596.0,5.7,12.2,35.0,1.6,42.5,2.3,27.2,55.4,277.0,42.2,38.4,96.9,7.4,2.1,209
25,Lleida,2015,16386.5,15050.0,31910.5,12917.5,27302.0,11048.0,3.7,17.3,23.15,2.0,52.349999999999994,2.6,31.0,46.8,210.5,33.3,25.700000000000003,91.85,14.350000000000001,2.4,220
25,Lleida,2016,16844.0,15050.0,32734.0,13298.5,27745.0,11285.5,3.9,16.35,23.0,1.7,54.349999999999994,2.6,30.6,47.2,212.0,33.05,25.65,92.05000000000001,14.4,2.4,218
25,Lleida,2017,17260.0,15750.0,33516.0,13741.0,28344.0,11624.0,3.7,16.4,22.8,1.4,54.9,2.5,30.0,47.3,208.0,34.1,25.6,91.9,14.2,2.4,217
25,Lleida,2018,18377.0,16450.0,37183.5,14563.0,31261.0,12259.0,4.0,17.25,22.0,1.3,54.6,2.5,29.0,47.349999999999994,202.5,31.5,26.05,91.2,14.350000000000001,2.5,220
25,Lleida,2019,19177.0,17150.0,37940.0,15232.0,32078.0,12811.0,4.0,16.6,22.3,1.3,55.0,2.4,28.4,47.4,206.0,31.8,26.2,91.9,14.3,2.5,219
25,Lleida,2020,19649.0,17500.0,39314.0,15715.0,33035.0,13234.0,4.45,14.9,22.05,3.4,53.3,2.5,28.9,47.6,193.0,32.4,26.2,91.7,13.9,2.5,231
25,Lleida,2021,20405.5,18550.0,41246.0,16695.0,34384.0,13799.0,3.95,16.0,21.5,2.1,54.849999999999994,2.5,28.5,47.4,190.0,32.2,25.7,90.8,14.2,2.4,231
25,Lleida,2022,21110.0,19250.0,42542.0,17187.0,34921.0,14150.0,4.1,15.1,22.0,1.5,55.8,2.5,29.1,47.4,197.0,32.5,26.0,90.4,14.1,2.4,225
25,Lleida,2023,22113.0,19950.0,45019.0,18370.0,37231.0,15139.0,4.3,14.9,22.1,1.4,55.9,2.4,28.6,47.5,195.0,32.8,26.0,89.8,14.1,2.4,223
26,La Rioja,2015,15502.5,13650.0,27999.0,12626.5,24097.0,10826.5,2.8,18.3,24.9,2.0,49.099999999999994,2.6,31.1,50.150000000000006,169.5,39.45,29.0,92.85,11.6,2.2,116
26,La Rioja,2016,15732.0,14000.0,28972.0,12854.0,24920.0,10985.0,2.7,17.7,25.2,1.8,50.6,2.6,31.5,49.8,169.0,39.0,29.4,93.1,12.1,2.2,113
26,La Rioja,2017,16251.5,14350.0,29212.0,13236.5,24905.0,11363.5,2.7,16.85,25.65,1.6,50.7,2.55,30.950000000000003,49.95,168.0,40.2,29.85,92.94999999999999,11.850000000000001,2.1,114
26,La Rioja,2018,16981.5,15050.0,30574.0,13896.0,26192.0,11840.0,2.9,18.0,25.45,1.45,51.05,2.6,30.5,49.9,161.5,39.1,29.25,91.5,11.75,2.1,112
26,La Rioja,2019,17435.0,15750.0,32323.0,14372.0,27433.0,12325.0,3.0,18.0,24.8,1.6,51.9,2.5,30.4,49.9,163.0,40.0,28.9,91.0,12.1,2.2,111
26,La Rioja,2020,17217.0,15750.0,31337.0,15736.0,26384.0,13487.0,3.4,14.1,26.7,4.0,50.2,2.6,30.0,52.4,95.5,42.9,31.35,92.95,9.15,2.1,174
26,La Rioja,2021,17946.0,16450.0,33159.0,16629.5,27693.0,13750.5,3.45,15.5,25.9,2.7,51.650000000000006,2.5,29.8,52.4,91.5,42.6,31.05,93.05,9.149999999999999,2.1,174
26,La Rioja,2022,18862.0,17150.0,35550.0,17348.0,28587.0,14396.0,3.4,14.9,25.2,1.6,52.8,2.6,29.5,52.1,99.0,43.5,30.5,91.6,9.3,2.1,167
26,La Rioja,2023,19723.5,17850.0,38245.5,18827.5,31874.5,15727.0,3.2,14.350000000000001,26.0,1.7,53.0,2.5,29.6,52.8,97.0,43.95,31.8,90.75,8.35,2.0,172
27,Lugo,2015,13881.0,12250.0,26135.0,10785.0,23615.0,9707.0,4.6,11.3,39.5,2.2,40.1,2.2,27.2,53.6,2.723,33.0,36.1,97.9,8.1,2.4,67
27,Lugo,2016,14220.0,12950.0,26831.0,11019.0,24050.0,9833.0,4.5,11.2,39.0,1.9,41.6,2.2,27.4,53.8,2.736,32.8,36.4,97.9,8.2,2.4,67
27,Lugo,2017,14766.0,13650.0,27643.0,11383.0,24524.0,10218.0,4.5,12.2,37.9,1.8,42.0,2.2,26.8,54.1,2.67,33.5,36.7,97.7,8.3,2.4,67
27,Lugo,2018,15484.0,14350.0,28721.0,11935.0,25612.0,10654.0,4.9,12.2,37.5,1.6,42.2,2.2,26.2,54.1,2.653,33.6,36.9,97.5,8.3,2.4,67
27,Lugo,2019,16181.0,15050.0,30157.0,12556.0,26844.0,11211.0,4.9,11.8,37.0,1.5,43.5,2.2,25.8,54.3,2.81,34.1,37.4,97.1,8.3,2.3,67
27,Lugo,2020,16545.0,15050.0,30383.0,12869.0,26852.0,11410.0,5.0,10.2,37.3,3.3,43.1,2.2,26.2,54.6,2.863,34.8,37.0,96.7,8.2,2.3,67
27,Lugo,2021,17064.0,15750.0,31846.0,13535.0,27624.0,11877.0,4.9,10.6,36.4,2.5,44.0,2.2,26.4,54.5,3.001,35.4,37.3,96.8,8.4,2.3,67
27,Lugo,2022,18307.0,16450.0,33578.0,14641.0,29069.0,12759.0,4.9,11.9,36.0,1.5,43.9,2.2,26.3,54.4,2.937,35.6,37.7,96.3,8.6,2.3,67
27,Lugo,2023,19713.0,17850.0,36317.0,15894.0,31199.0,13826.0,4.9,12.7,35.7,1.4,43.6,2.2,26.1,54.6,2.96,36.1,37.8,95.6,8.6,2.3,67
28,Madrid,2015,16720.0,14350.0,35125.0,12993.0,29582.0,10925.0,2.5,10.4,16.5,2.6,66.7,3.0,33.9,39.9,11.09,25.0,14.8,88.7,20.2,2.7,169
28,Madrid,2016,16970.0,15050.0,35368.0,13194.0,29986.0,11108.0,2.6,10.5,16.5,2.2,66.9,3.0,34.0,40.3,11.1225,24.2,14.9,89.1,20.2,2.7,169
28,Madrid,2017,17486.0,15750.0,36535.0,13785.0,30716.0,11546.0,2.6,10.5,16.8,1.9,67.2,2.8,32.4,40.4,11.223500000000001,24.7,14.8,89.4,20.2,2.7,169
28,Madrid,2018,18155.0,16450.0,37833.0,14363.0,31945.0,11919.0,3.0,10.8,16.3,1.8,67.1,2.8,32.1,40.9,11.3555,24.4,14.7,89.1,20.0,2.7,169
28,Madrid,2019,18979.0,17150.0,39616.0,15051.0,33503.0,12519.0,3.1,10.8,16.4,1.8,67.0,2.7,31.3,41.0,11.42,24.7,15.2,88.4,19.7,2.7,169
28,Madrid,2020,19350.0,17150.0,39325.0,15524.0,33176.0,12847.0,3.1,10.1,17.1,4.7,64.7,2.7,31.1,41.5,13.376999999999999,25.4,15.6,88.3,19.1,2.7,179
28,Madrid,2021,20028.0,17850.0,41370.0,16246.0,34529.0,13285.0,3.2,11.0,16.2,2.9,65.9,2.7,30.7,41.7,13.596,25.3,16.0,88.5,18.9,2.7,179
28,Madrid,2022,21399.0,19250.0,44257.0,17214.0,36638.0,14211.0,3.6,10.9,16.5,1.8,66.4,2.6,30.45,42.0,13.733,25.0,16.2,88.2,18.6,2.7,179
28,Madrid,2023,22726.0,19950.0,47439.0,18637.0,38622.0,15265.0,3.7,11.1,16.4,1.7,66.5,2.6,30.0,42.2,13.922,25.1,16.8,87.8,18.2,2.7,179
29,Málaga,2015,10886.0,10150.0,19964.0,8149.0,17977.0,7362.0,7.1,11.7,27.7,6.4,46.0,2.7,32.05,43.7,7.096,32.8,21.4,92.9,16.2,2.4,103
29,Málaga,2016,11035.0,10150.0,19884.0,8212.0,18148.0,7383.0,6.8,11.1,27.4,6.1,47.6,2.7,32.6,43.7,6.629,31.5,21.0,93.0,16.2,2.4,103
29,Málaga,2017,11678.0,10850.0,21360.0,8822.0,19209.0,7911.0,6.7,11.3,26.0,5.6,49.6,2.5,31.0,44.0,6.876,33.9,21.4,92.4,16.2,2.4,103
29,Málaga,2018,12482.0,11550.0,22710.0,9559.0,20269.0,8534.0,6.9,12.1,25.3,5.2,50.4,2.5,30.0,44.5,8.046,33.8,21.4,92.2,15.8,2.4,103
29,Málaga,2019,13014.0,12250.0,23834.0,10077.0,21284.0,8943.0,6.7,11.1,25.0,4.6,51.3,2.4,29.5,44.8,7.766,33.1,21.7,91.8,15.7,2.4,103
29,Málaga,2020,12965.0,11550.0,23305.0,9978.0,20833.0,8930.0,6.8,9.7,24.9,9.0,48.1,2.5,30.2,45.0,7.914,33.4,22.0,91.3,15.4,2.4,103
29,Málaga,2021,13842.0,12950.0,25137.0,10743.0,22368.0,9508.0,6.9,11.5,24.3,6.7,49.5,2.4,29.2,45.1,7.938,33.6,21.7,91.0,15.3,2.3,103
29,Málaga,2022,14773.0,13650.0,26463.0,11610.0,23477.0,10147.0,7.0,12.1,24.8,4.6,50.8,2.4,28.9,45.3,8.099,33.1,22.0,90.3,15.1,2.3,103
29,Málaga,2023,15792.0,14350.0,29219.0,12657.0,25648.0,11068.0,7.1,11.2,24.7,4.4,50.7,2.4,29.2,45.6,8.491,33.4,22.3,88.8,15.1,2.3,103
30,Murcia,2015,12303.0,10850.0,25778.0,9033.0,22664.0,7977.0,5.4,11.2,20.5,3.9,58.0,2.6,31.8,39.5,16.664,23.7,15.6,88.7,20.4,2.8,45
30,Murcia,2016,12563.0,11550.0,26593.0,9254.0,23302.0,8173.0,5.3,10.6,19.9,3.6,59.5,2.6,31.3,39.6,16.571,22.9,15.6,89.1,20.5,2.8,45
30,Murcia,2017,13273.0,12250.0,27971.0,9765.0,24389.0,8668.0,5.5,10.3,19.1,3.2,60.3,2.4,29.8,39.7,16.03,23.5,15.5,88.9,20.4,2.8,45
30,Murcia,2018,13790.0,12250.0,28833.0,10345.0,25189.0,9011.0,5.7,10.6,18.7,3.3,61.0,2.4,29.1,40.0,16.163,23.8,15.8,88.7,20.5,2.7,45
30,Murcia,2019,14435.0,12950.0,30328.0,10824.0,26547.0,9500.0,5.5,10.3,18.4,3.1,61.5,2.4,28.8,40.3,16.483,24.0,15.9,88.3,20.3,2.7,45
30,Murcia,2020,14740.0,13650.0,30708.0,11133.0,26932.0,9687.0,5.7,9.3,18.9,5.3,60.2,2.4,28.7,40.6,16.873,24.7,16.1,88.2,20.1,2.7,45
30,Murcia,2021,15338.0,13650.0,32148.0,11681.0,27965.0,10147.0,5.7,9.6,18.8,4.0,61.3,2.4,28.7,40.7,17.193,24.6,16.3,87.8,19.8,2.7,45
30,Murcia,2022,16126.0,14350.0,33526.0,12087.0,29179.0,10535.0,6.0,9.3,19.1,3.1,61.9,2.4,28.8,40.8,17.409,25.0,16.4,87.8,19.6,2.7,45
30,Murcia,2023,17215.0,15750.0,35898.0,13184.0,31196.0,11360.0,6.2,9.5,18.6,3.1,61.8,2.4,28.1,40.9,17.832,25.4,16.4,87.5,19.2,2.7,45
31,Navarra,2015,,,,,32843.0,13034.0,,,,,,,,45.3,152.0,29.4,23.1,95.8,16.7,2.5,229
31,Navarra,2016,,,,,32623.0,13016.5,,,,,,,,45.6,157.0,29.9,22.95,96.0,16.45,2.5,224
31,Navarra,2017,,,,,30749.0,11478.0,3.0,11.6,23.049999999999997,2.5,59.6,,,42.349999999999994,3.798,25.85,19.15,90.65,18.85,2.6,60
31,Navarra,2018,,,,,31808.5,11955.0,3.0,11.649999999999999,23.15,2.3,59.4,,,42.5,3.8280000000000003,25.75,19.4,89.85,18.9,2.7,60
31,Navarra,2019,,,,,32533.0,12246.0,3.1,10.2,23.8,2.3,59.8,,,42.5,3.812,25.5,19.5,88.6,19.0,2.7,61
31,Navarra,2020,,,,,34619.0,13884.0,4.0,8.9,24.7,4.8,56.6,,,46.5,109.0,32.150000000000006,24.45,94.6,15.5,2.5,272
31,Navarra,2021,22700.0,20854.0,48164.0,19427.0,38614.0,15444.0,3.5,17.45,22.5,2.2,54.15,2.5,31.0,46.9,107.0,32.650000000000006,24.85,94.7,15.55,2.4,272
31,Navarra,2022,24082.0,22133.0,49054.5,20430.0,40405.5,17026.0,3.6,18.2,23.2,1.6,53.1,2.4,30.4,46.7,109.0,33.25,24.85,94.1,15.149999999999999,2.4,272
31,Navarra,2023,25240.0,23394.0,51080.5,22075.0,41542.5,18102.5,3.7,17.299999999999997,23.5,1.45,53.0,2.4,29.85,46.8,106.5,33.3,25.4,93.95,14.95,2.4,272
32,Ourense,2015,13874.5,12250.0,23799.0,10837.0,21420.0,9760.5,4.45,10.8,42.849999999999994,2.7,39.0,2.4,29.7,55.4,2.2424999999999997,38.55,40.55,97.85,6.75,2.2,92
32,Ourense,2016,14121.0,12950.0,23911.5,10982.5,21493.0,9902.5,4.5,10.05,42.7,2.3,39.8,2.4,29.25,55.650000000000006,2.354,38.75,40.9,97.8,6.85,2.1500000000000004,92
32,Ourense,2017,14554.0,12950.0,24765.5,11478.5,22047.5,10274.5,4.5,10.5,41.55,2.1,40.349999999999994,2.4,28.9,55.95,2.3325,39.5,40.8,97.7,6.75,2.1,92
32,Ourense,2018,15265.0,13650.0,25704.5,12089.0,22978.5,10784.0,4.7,10.55,41.349999999999994,1.9,41.349999999999994,2.3,28.3,56.25,2.4275,39.849999999999994,40.75,97.4,6.95,2.1,92
32,Ourense,2019,15912.5,14350.0,26846.0,12616.5,23886.5,11278.0,4.9,10.149999999999999,40.65,1.9,42.400000000000006,2.3,27.9,56.0,2.3955,39.849999999999994,40.599999999999994,97.1,6.9,2.1,92
32,Ourense,2020,16232.5,15050.0,27321.0,12960.0,24191.5,11524.0,5.05,9.0,41.0,3.9,41.15,2.3,28.1,56.25,2.3965,40.599999999999994,40.75,97.0,6.9,2.1,92
32,Ourense,2021,16806.5,15050.0,28371.5,13599.5,24950.5,11942.0,5.05,10.0,39.75,2.9,41.45,2.4,27.799999999999997,56.25,2.4775,41.0,41.05,96.9,7.05,2.1,92
32,Ourense,2022,17606.5,16450.0,29576.5,14319.0,26186.0,12590.5,5.1,9.95,39.75,1.9,41.849999999999994,2.3499999999999996,27.6,56.150000000000006,2.371,41.05,40.5,96.3,7.35,2.1,92
32,Ourense,2023,18923.5,17150.0,32324.5,15529.5,28229.5,13583.0,5.1,10.45,39.849999999999994,1.9,42.150000000000006,2.3,27.2,56.2,2.404,41.95,41.0,95.95,7.5,2.05,92
33,Asturias,2015,15638.5,14350.0,28675.0,12397.0,25122.5,10809.0,6.0,10.5,36.5,2.2,43.2,2.5,29.7,50.05,8.452,34.25,29.65,97.6,10.6,2.3,78
33,Asturias,2016,16016.0,15050.0,29222.0,12750.0,25496.0,11068.0,6.0,10.2,35.95,1.9,44.95,2.5,29.75,50.4,9.0175,34.45,29.450000000000003,97.8,10.7,2.3,78
33,Asturias,2017,16479.5,15050.0,30006.0,13174.0,26223.5,11462.5,5.8,10.3,34.95,1.7,45.45,2.4,29.200000000000003,50.6,8.929,35.05,29.25,97.8,10.8,2.25,78
33,Asturias,2018,17034.5,15400.0,30975.0,13803.0,26972.0,11994.0,6.05,10.7,35.1,1.6,45.150000000000006,2.4,28.55,50.9,8.8415,35.6,29.4,97.65,10.850000000000001,2.2,78
33,Asturias,2019,17833.5,16450.0,32288.5,14457.0,27851.5,12462.0,6.0,10.4,34.55,1.6,45.65,2.4,28.299999999999997,51.05,8.74,36.6,29.85,97.4,10.95,2.2,78
33,Asturias,2020,18078.5,17150.0,32620.0,14829.5,28047.0,12656.0,6.15,9.55,34.8,3.8,44.150000000000006,2.4,28.2,50.85,8.681000000000001,35.45,30.0,97.35,10.850000000000001,2.2,78
33,Asturias,2021,18747.5,17500.0,33911.0,15540.5,28837.0,13245.0,6.2,10.95,33.6,2.5,45.6,2.3499999999999996,27.9,51.0,8.6045,36.45,30.5,97.2,10.850000000000001,2.2,78
33,Asturias,2022,19617.5,18550.0,36034.0,16329.0,30341.5,13982.0,6.3,11.149999999999999,33.650000000000006,1.6,46.150000000000006,2.3499999999999996,27.6,51.3,8.481,36.4,31.15,96.7,10.850000000000001,2.2,78
33,Asturias,2023,21015.0,19250.0,38035.0,17505.5,32131.0,14811.5,6.25,11.3,33.5,1.5,45.7,2.3,27.2,51.5,8.4235,37.150000000000006,31.7,96.3,10.8,2.1,78
34,Palencia,2015,15558.0,14350.0,27924.0,12380.0,24576.0,10755.0,3.2,20.4,28.6,1.8,44.0,2.4,28.7,52.5,188.0,36.4,32.6,97.4,7.9,2.3,123
34,Palencia,2016,15783.5,14350.0,28584.0,12676.5,25076.0,11036.0,3.1500000000000004,18.35,28.65,1.6,46.55,2.5,28.5,52.7,184.0,36.05,32.4,97.35,8.3,2.3,120
34,Palencia,2017,16026.0,14525.0,28741.5,12808.5,25193.0,11214.0,3.7,16.65,29.0,1.6,47.25,2.5,28.4,52.7,176.5,36.95,32.599999999999994,97.6,8.1,2.3,122
34,Palencia,2018,17060.0,15750.0,30447.5,13714.0,26764.0,11848.5,3.7,17.85,27.95,1.55,46.5,2.4,27.95,52.9,175.0,37.650000000000006,32.45,97.5,8.1,2.3,118
34,Palencia,2019,17755.0,16100.0,31781.0,14359.0,27684.0,12427.0,3.9,17.3,28.5,1.6,46.7,2.3,27.8,52.9,176.0,38.1,32.9,97.2,8.1,2.3,115
34,Palencia,2020,18083.0,16450.0,34654.0,16262.0,29874.0,13770.0,3.7,17.7,27.9,3.4,45.2,2.4,27.3,54.9,102.0,39.1,35.1,97.7,5.9,2.2,191
34,Palencia,2021,18933.0,17150.0,36646.0,17187.0,31208.0,14597.0,3.9,19.3,27.1,2.4,45.5,2.4,27.3,54.9,104.0,40.9,35.6,97.8,6.3,2.2,191
34,Palencia,2022,19720.0,17850.0,37008.0,17195.0,31167.0,14535.0,3.9,16.55,27.700000000000003,1.6,47.5,2.4,27.65,54.9,106.0,40.7,36.1,97.7,6.1,2.2,187
34,Palencia,2023,20727.0,19250.0,40272.0,18075.0,33499.0,15058.0,4.0,17.5,27.85,1.3,46.8,2.3,27.75,55.5,101.0,42.0,36.8,96.8,6.4,2.1,187
35,Las Palmas,2015,14121.0,12250.0,28888.5,10580.5,25108.5,9219.0,3.6,11.95,16.35,3.95,62.05,2.75,32.75,40.849999999999994,18.196,27.35,14.0,92.3,17.049999999999997,2.7,34
35,Las Palmas,2016,14432.5,12950.0,30017.0,10975.0,25997.0,9475.5,3.5999999999999996,11.5,16.15,3.6,62.849999999999994,2.7,32.55,40.8,18.17,26.4,13.9,92.44999999999999,17.0,2.7,34
35,Las Palmas,2017,15165.0,13650.0,31406.0,11564.5,26999.0,9905.0,3.9,11.75,16.2,3.1500000000000004,62.85,2.6500000000000004,31.25,41.2,18.2165,27.25,14.55,92.1,16.5,2.7,34
35,Las Palmas,2018,16025.0,14350.0,33164.5,12183.5,28566.0,10440.0,3.9499999999999997,12.2,16.45,2.8499999999999996,62.95,2.6,30.25,41.8,18.3815,27.799999999999997,15.2,91.85,16.200000000000003,2.7,34
35,Las Palmas,2019,16680.0,15050.0,34822.0,12820.0,29949.5,10954.5,4.1,12.149999999999999,16.25,2.95,63.05,2.5,30.15,42.3,18.5885,28.0,15.6,91.4,15.649999999999999,2.6500000000000004,34
35,Las Palmas,2020,16633.0,14350.0,34018.5,12753.0,29387.0,10945.5,4.6,10.3,17.6,9.05,56.75,2.6,30.75,42.8,18.5255,28.25,16.15,91.6,15.15,2.6,34
35,Las Palmas,2021,17362.5,15400.0,35787.5,13507.0,30623.0,11503.0,4.85,11.9,17.35,6.35,59.0,2.6,30.15,43.3,18.496000000000002,28.450000000000003,16.799999999999997,91.55000000000001,14.8,2.6,34
35,Las Palmas,2022,18847.5,17150.0,38684.5,14561.5,32988.5,12415.5,4.75,12.1,17.4,2.6,61.35,2.5,29.6,43.65,18.778,28.549999999999997,17.5,92.1,14.600000000000001,2.6,34
35,Las Palmas,2023,20301.0,17850.0,41916.0,15996.0,35575.5,13458.0,4.8,12.1,17.200000000000003,2.4,61.3,2.4,28.549999999999997,44.15,18.909,28.9,17.9,91.75,14.25,2.6,34
36,Pontevedra,2015,13440.0,12250.0,27616.0,10109.0,24332.0,8954.5,3.7,9.0,29.35,3.55,52.95,2.45,29.8,44.65,6.2215,27.85,22.4,98.1,15.25,2.6,62
36,Pontevedra,2016,13812.0,12950.0,28279.0,10370.0,24511.0,9092.0,3.7,9.0,28.5,3.1,54.2,2.4,29.5,45.0,6.362,26.8,22.7,98.2,15.2,2.6,61
36,Pontevedra,2017,14433.0,12950.0,29417.0,10791.0,25520.0,9467.0,3.8,9.0,28.4,2.7,54.9,2.3,28.6,45.2,6.303,28.1,22.8,98.0,15.0,2.6,61
36,Pontevedra,2018,15033.0,13650.0,30641.0,11358.0,26624.0,9964.0,4.1,9.0,27.9,2.4,55.5,2.3,28.1,45.6,6.279,28.4,23.2,97.8,14.9,2.6,61
36,Pontevedra,2019,15944.0,15050.0,31895.0,12090.0,27642.0,10576.0,4.2,9.3,27.6,2.4,55.4,2.3,27.3,45.9,6.323,28.4,23.4,97.4,14.8,2.6,61
36,Pontevedra,2020,16063.0,15050.0,32126.0,12243.0,28166.0,10691.0,4.4,8.1,28.3,5.3,53.1,2.3,27.3,46.1,6.376,28.4,23.8,97.4,14.6,2.5,61
36,Pontevedra,2021,16796.0,15750.0,34175.0,12884.0,29289.0,11191.0,4.4,9.2,27.4,3.5,55.2,2.3,26.7,46.5,6.489,28.9,24.1,97.3,14.4,2.5,61
36,Pontevedra,2022,17935.0,16450.0,36211.0,13838.0,30719.0,11980.0,4.4,9.6,27.6,2.3,55.6,2.2,26.9,46.9,6.538,29.4,24.5,96.7,14.1,2.5,61
36,Pontevedra,2023,19246.0,17850.0,38889.0,15133.0,33060.0,12981.0,4.4,9.8,27.6,2.2,55.7,2.2,26.4,47.1,7.582,30.0,25.0,96.3,13.8,2.5,61
37,Salamanca,2015,13508.5,11550.0,23558.0,10596.0,21081.5,9444.0,3.2,14.75,32.849999999999994,2.4,44.9,2.4,29.9,53.9,219.5,38.05,36.5,98.6,7.3,2.2,288
37,Salamanca,2016,13830.0,12250.0,24281.0,10895.0,21456.0,9730.0,3.0,14.5,32.4,2.1,45.5,2.4,30.2,54.2,217.0,38.5,36.5,98.7,7.4,2.2,287
37,Salamanca,2017,14379.5,12950.0,25121.5,11441.0,22203.5,10144.0,4.0,13.850000000000001,31.95,1.9,46.5,2.4,29.1,54.5,208.0,39.150000000000006,36.7,98.6,7.2,2.2,286
37,Salamanca,2018,15283.0,13650.0,26271.0,12189.0,23188.0,10767.0,4.1,15.0,30.1,1.8,46.9,2.3,28.5,55.0,207.0,39.4,37.3,98.5,7.2,2.1,279
37,Salamanca,2019,15759.0,14350.0,27136.0,12685.0,23828.0,11215.0,4.2,13.5,30.4,1.8,48.6,2.3,28.4,55.3,203.0,40.7,37.1,98.3,6.8,2.1,275
37,Salamanca,2020,16061.0,14350.0,26719.0,13816.5,23277.0,11980.0,4.1,12.3,30.5,4.0,48.0,2.4,28.4,55.95,157.5,42.05,38.0,98.3,6.3,2.1,362
37,Salamanca,2021,16839.0,15050.0,27961.0,14443.5,24158.0,12549.5,4.3,13.8,29.9,2.7,48.4,2.3,27.8,56.2,158.5,42.55,38.25,98.25,6.25,2.1,362
37,Salamanca,2022,17785.5,15750.0,29972.0,15022.0,26056.0,13008.0,4.4,13.6,30.2,1.8,48.6,2.3,28.0,56.1,155.0,42.9,38.5,97.8,6.5,2.0,361
37,Salamanca,2023,19037.0,17150.0,32405.0,16335.0,28141.0,14142.0,4.4,14.05,30.8,1.7,48.05,2.3,27.5,56.6,150.0,44.1,38.650000000000006,97.75,6.2,2.0,360
38,S.C. Tenerife,2015,12794.0,10850.0,26165.5,9650.0,23060.0,8496.5,3.0,12.0,22.0,4.4,58.95,2.95,34.2,43.25,6.2325,28.35,19.5,92.85,15.55,2.7,54
38,S.C. Tenerife,2016,13160.5,11550.0,26990.5,9827.0,23457.0,8574.5,3.0,11.850000000000001,21.35,4.1,59.25,3.0,33.900000000000006,43.3,6.2635000000000005,26.5,19.1,93.3,15.850000000000001,2.7,54
38,S.C. Tenerife,2017,13872.0,12250.0,28402.5,10460.5,24711.5,9104.5,3.3,12.3,20.65,3.6,59.85,2.7,32.2,43.650000000000006,6.3385,28.5,19.5,92.45,15.7,2.7,54
38,S.C. Tenerife,2018,14597.0,12950.0,29865.0,11098.5,25892.0,9591.0,3.4,12.7,20.15,3.3,60.45,2.7,31.950000000000003,43.75,6.4125,27.8,19.9,91.80000000000001,15.45,2.7,54
38,S.C. Tenerife,2019,15373.5,13650.0,31432.0,11673.0,27126.0,10066.5,3.45,12.55,20.0,3.2,60.25,2.7,31.25,44.05,6.4885,27.65,20.0,91.35,15.149999999999999,2.7,54
38,S.C. Tenerife,2020,15295.5,13650.0,30579.5,11539.5,26901.5,10133.5,4.0,11.0,20.6,7.65,54.7,2.7,31.45,44.35,6.504,28.2,19.950000000000003,91.6,14.75,2.6500000000000004,54
38,S.C. Tenerife,2021,16148.0,14350.0,31613.0,12272.0,27520.5,10583.0,4.1,12.6,20.35,5.45,56.8,2.6,31.0,44.6,6.4865,28.6,20.3,91.5,14.5,2.6,54
38,S.C. Tenerife,2022,17656.5,15750.0,34691.5,13412.5,29840.0,11721.0,4.05,13.1,20.05,2.9,59.25,2.6500000000000004,31.3,44.95,6.583500000000001,29.1,20.65,90.0,14.2,2.6,54
38,S.C. Tenerife,2023,18914.0,16450.0,38869.0,14824.5,33165.5,12910.0,4.0,13.45,20.15,2.7,59.7,2.6,30.85,45.15,6.686999999999999,29.35,20.950000000000003,89.25,14.05,2.6,54
39,Cantabria,2015,15272.5,13650.0,29148.0,11809.0,25387.0,10245.5,4.5,11.649999999999999,28.25,2.6,52.0,2.5,29.6,46.3,7.8845,31.95,23.35,97.15,13.649999999999999,2.5,100
39,Cantabria,2016,15548.0,14350.0,29709.0,12063.0,25858.0,10487.5,4.45,11.2,27.05,2.4,52.95,2.4,29.1,46.55,7.8675,31.7,23.7,97.0,13.8,2.5,100
39,Cantabria,2017,16055.5,15050.0,30674.5,12422.0,26503.0,10781.5,4.4,11.1,27.1,2.2,53.5,2.4,28.5,46.75,7.8825,31.7,24.200000000000003,97.1,13.6,2.4,100
39,Cantabria,2018,16847.0,15750.0,32039.5,13035.0,27698.5,11291.0,4.5,11.45,26.9,2.0,53.6,2.3,27.6,47.1,8.2995,31.85,24.55,97.0,13.8,2.4,100
39,Cantabria,2019,17461.5,16450.0,33260.0,13692.5,28856.0,11782.5,4.5,11.1,26.799999999999997,2.0,54.05,2.3,27.45,47.2,8.459,32.45,24.9,96.8,13.7,2.4,100
39,Cantabria,2020,17444.5,16450.0,33291.0,13692.5,28576.5,11824.0,4.6,9.8,27.1,4.7,51.75,2.4,27.85,47.4,8.298,32.7,24.9,96.5,13.45,2.4,100
39,Cantabria,2021,18220.5,17150.0,34673.5,14424.5,29816.0,12332.5,4.75,11.5,26.3,2.8499999999999996,53.05,2.3,27.15,47.55,8.3305,33.0,25.35,96.35,13.6,2.4,100
39,Cantabria,2022,19346.5,17850.0,36722.0,15494.5,31200.0,13120.5,4.6,11.65,26.35,1.8,53.25,2.3,27.2,47.9,8.321,33.2,25.8,96.2,13.350000000000001,2.4,100
39,Cantabria,2023,20292.0,18550.0,39307.5,16584.5,33210.5,13916.5,4.6,12.5,26.15,1.9,53.400000000000006,2.2,26.7,48.0,8.289,33.45,26.35,95.85,13.2,2.4,100
40,Segovia,2015,14733.0,12950.0,27111.0,11574.0,23615.0,10071.0,3.4,17.4,25.4,1.9,50.4,2.45,29.8,49.7,183.0,37.7,28.8,91.4,11.6,2.3,137
40,Segovia,2016,15067.0,12950.0,28019.0,12042.0,24327.0,10520.0,3.2,17.4,24.9,1.6,50.7,2.5,29.9,50.2,185.0,36.9,28.6,92.7,11.2,2.3,133
40,Segovia,2017,15570.0,13650.0,28481.0,12226.5,24834.5,10734.5,3.7,16.700000000000003,25.0,1.5,50.6,2.4,29.9,49.95,186.5,37.35,28.75,92.1,11.4,2.3,134
40,Segovia,2018,16377.0,14350.0,30178.0,12989.0,26151.0,11287.0,3.9,16.6,24.4,1.4,51.6,2.4,29.1,50.1,185.0,37.3,28.6,91.1,11.8,2.3,133
40,Segovia,2019,17242.0,15225.0,31899.5,13792.0,27610.5,12022.0,3.95,16.0,24.799999999999997,1.4,51.8,2.4,29.0,49.8,193.5,37.55,27.8,90.95,11.850000000000001,2.3,130
40,Segovia,2020,17679.0,15750.0,31594.0,16075.0,27149.0,13630.0,3.8,15.0,24.5,3.6,51.7,2.4,28.7,52.8,104.0,41.6,32.7,93.3,9.2,2.1,209
40,Segovia,2021,18510.0,16450.0,34031.0,16851.0,28803.0,14102.0,3.8,16.8,23.1,2.5,52.6,2.4,28.2,52.9,104.0,42.9,32.8,92.6,10.0,2.1,209
40,Segovia,2022,19452.0,17150.0,35180.0,17100.0,29641.0,14524.0,3.8,16.2,23.8,1.4,52.9,2.4,28.4,53.1,100.0,41.9,32.5,91.9,9.6,2.1,209
40,Segovia,2023,20747.0,18550.0,38074.0,18778.0,31744.0,15780.0,3.8,16.4,24.0,1.3,52.05,2.3,28.3,53.4,99.0,42.9,32.8,91.7,9.3,2.1,209
41,Sevilla,2015,11279.0,10150.0,22121.0,8355.0,19987.0,7484.0,6.0,9.5,23.4,6.9,51.6,2.6,31.3,39.6,7.116,21.7,15.5,97.7,20.2,2.7,105
41,Sevilla,2016,11548.0,10150.0,22734.0,8554.0,20294.0,7649.0,5.8,9.5,23.1,6.6,53.4,2.5,31.4,39.8,7.135,21.4,15.7,97.8,20.1,2.7,105
41,Sevilla,2017,11939.0,10850.0,23600.0,8878.0,20987.0,7929.0,5.7,9.6,22.6,6.2,54.4,2.5,29.8,40.1,7.156,21.9,16.0,97.8,19.9,2.7,105
41,Sevilla,2018,12586.0,11550.0,24923.0,9376.5,22106.0,8344.0,6.35,9.8,22.05,5.7,54.65,2.4,29.1,40.55,7.160500000000001,22.4,16.35,97.7,19.75,2.7,106
41,Sevilla,2019,13325.5,12250.0,26479.5,9978.0,23501.0,8885.0,6.4,9.05,21.95,5.5,55.95,2.3,28.3,40.8,7.1515,22.75,16.55,97.6,19.6,2.7,106
41,Sevilla,2020,13423.0,12250.0,26670.0,10195.0,23463.5,9014.5,6.5,8.05,22.6,8.0,53.8,2.4,28.7,41.150000000000006,7.211,22.799999999999997,16.7,97.5,19.2,2.7,106
41,Sevilla,2021,14261.5,12950.0,28415.5,10903.5,24909.0,9544.0,6.9,9.4,21.799999999999997,6.2,54.6,2.3,27.8,41.5,7.2125,23.35,17.1,97.4,19.0,2.6,106
41,Sevilla,2022,15041.0,13650.0,29734.5,11448.0,26046.5,10037.0,7.0,8.9,22.1,5.1,55.2,2.3,27.7,41.9,7.49,23.6,17.6,97.1,18.6,2.6,106
41,Sevilla,2023,16259.5,15050.0,32041.0,12495.5,28309.0,10997.5,7.3,9.0,22.200000000000003,4.8,55.3,2.2,26.6,42.3,7.330500000000001,24.200000000000003,18.1,96.9,18.25,2.6,106
42,Soria,2015,16088.0,14350.0,28588.0,12929.0,24911.0,11424.0,2.4,15.5,31.4,1.7,46.7,2.4,29.1,55.0,173.0,41.7,37.7,95.0,7.5,2.2,69
42,Soria,2016,16167.0,14350.0,29840.0,13222.0,25758.0,11496.0,2.4,14.7,31.4,1.5,48.1,2.5,29.1,54.8,167.0,40.5,37.4,95.5,8.2,2.1,67
42,Soria,2017,16915.5,15050.0,30409.0,13725.5,26352.5,12066.5,2.9,14.1,30.9,1.3,48.45,2.4,28.15,54.75,160.0,42.3,36.5,96.3,7.95,2.1,68
42,Soria,2018,17520.0,15750.0,31742.0,14410.0,27817.0,12517.0,3.1,14.8,30.0,1.3,48.8,2.4,27.6,54.1,158.0,41.8,36.4,95.6,8.3,2.1,67
42,Soria,2019,17957.0,16450.0,33002.0,15016.0,28608.0,12907.0,3.3,14.4,30.4,1.3,50.2,2.4,27.4,54.8,156.0,43.0,36.3,94.7,8.6,2.1,65
42,Soria,2020,18447.0,17150.0,36180.0,17453.0,30983.0,14946.0,3.3,14.2,29.8,3.2,46.8,2.4,27.9,58.0,55.0,45.3,38.7,97.6,4.6,2.1,183
42,Soria,2021,19746.0,17850.0,39224.0,19328.0,32989.0,16256.0,3.3,15.350000000000001,29.5,2.1,47.8,2.3499999999999996,27.35,58.3,55.0,47.0,38.5,97.9,4.6,2.0,183
42,Soria,2022,20236.0,18550.0,41452.0,20185.0,34315.0,16710.0,3.3,14.6,29.2,1.4,49.4,2.4,28.4,57.6,55.0,47.1,38.2,97.5,5.0,2.0,183
42,Soria,2023,21191.5,19425.0,45546.0,22042.0,37127.0,17967.0,3.4,13.649999999999999,28.6,1.4,50.45,2.4,28.200000000000003,57.2,53.0,47.9,37.8,97.3,4.8,2.0,183
43,Tarragona,2015,15919.0,14350.0,30721.0,12404.0,26321.0,10588.0,3.6,12.4,23.7,2.4,57.2,2.7,31.6,43.7,128.0,28.6,21.3,89.6,17.2,2.5,177
43,Tarragona,2016,16256.0,14350.0,31733.0,12662.0,27123.0,10782.0,3.8,12.2,23.3,2.1,57.8,2.7,31.6,43.8,129.0,27.7,21.3,90.1,17.3,2.5,177
43,Tarragona,2017,16758.5,15050.0,32878.5,13262.5,27886.5,11211.5,3.6,11.95,22.95,2.0,58.4,2.6,30.3,44.1,129.0,29.0,21.55,90.15,17.3,2.5,176
43,Tarragona,2018,17396.5,15750.0,34060.5,13768.0,28916.0,11591.5,4.0,11.9,23.0,1.8,58.9,2.6,29.85,44.2,128.0,29.5,21.799999999999997,89.69999999999999,17.1,2.5,176
43,Tarragona,2019,17918.0,16450.0,35255.0,14328.5,29973.5,12021.5,4.2,11.4,22.9,1.8,59.1,2.55,28.85,44.4,131.0,29.35,21.6,88.9,16.8,2.5,176
43,Tarragona,2020,18095.0,16450.0,35960.0,14611.5,30472.5,12249.5,4.7,9.9,23.1,4.3,57.0,2.5,29.4,44.9,107.0,29.8,22.3,89.0,16.5,2.5,184
43,Tarragona,2021,19108.0,17150.0,37968.5,15499.0,31562.5,12944.5,4.2,11.0,22.2,2.8,58.7,2.5,28.9,45.349999999999994,107.0,30.1,22.6,88.7,16.0,2.4,184
43,Tarragona,2022,19886.0,17850.0,39725.0,16287.0,33118.0,13503.0,4.5,11.2,22.6,1.8,59.4,2.5,28.7,45.6,111.0,30.2,22.8,88.0,15.8,2.5,181
43,Tarragona,2023,20986.5,19250.0,42087.5,17426.0,34748.0,14369.5,4.6,11.2,22.45,1.8,59.55,2.5,28.4,45.45,111.5,30.45,22.6,87.35,15.75,2.45,178
44,Teruel,2015,14409.0,12950.0,26620.0,11388.5,23393.0,9926.5,2.8,15.5,34.1,2.2,44.4,2.5,30.1,49.849999999999994,187.0,34.8,31.4,91.55,11.7,2.4,146
44,Teruel,2016,14820.5,13475.0,27354.5,11665.0,23890.0,10178.5,2.7,14.75,33.1,1.8,46.8,2.5,29.15,49.8,185.5,35.25,31.049999999999997,91.55,12.4,2.3,144
44,Teruel,2017,15353.5,13650.0,28065.5,12092.5,24536.0,10489.5,2.75,13.7,32.7,1.5,49.2,2.4,29.0,50.150000000000006,192.5,36.0,31.25,91.45,12.2,2.3,142
44,Teruel,2018,16249.0,15050.0,29768.0,12774.0,25734.0,11096.0,3.1,14.9,31.7,1.3,48.9,2.4,28.2,50.2,194.0,36.3,30.8,91.6,12.2,2.3,141
44,Teruel,2019,16736.0,15050.0,30611.5,13455.5,26672.0,11630.0,3.2,14.8,31.3,1.4,48.849999999999994,2.4,27.9,50.35,189.0,37.25,30.0,91.2,12.35,2.3,140
44,Teruel,2020,17038.0,15750.0,31257.0,15744.0,26887.0,13542.0,3.4,13.1,30.9,3.6,49.1,2.4,28.1,51.8,109.0,40.45,32.1,92.4,9.6,2.2,236
44,Teruel,2021,17717.0,16450.0,33059.0,16718.0,28059.0,14060.0,3.5,14.5,29.1,2.4,49.65,2.4,27.5,51.7,108.0,41.900000000000006,31.9,92.0,9.5,2.2,236
44,Teruel,2022,18650.0,16450.0,35453.0,16325.5,29687.0,13755.5,3.8,13.7,29.9,1.6,50.849999999999994,2.4,27.7,51.7,110.5,41.150000000000006,32.2,91.7,9.649999999999999,2.2,236
44,Teruel,2023,19517.0,17850.0,36664.0,17576.5,30588.0,14691.5,3.6,13.7,29.5,1.5,50.5,2.4,28.0,51.7,110.0,43.0,31.5,91.3,10.2,2.1,236
45,Toledo,2015,11968.0,10850.0,23016.0,9122.0,20482.0,8146.0,3.8,10.7,27.5,3.8,52.1,2.6,31.6,44.8,9.897,29.6,23.6,93.3,16.0,2.5,201
45,Toledo,2016,12318.0,10850.0,23622.0,9401.0,21031.0,8373.0,3.6,10.5,26.5,3.4,53.5,2.6,31.2,45.2,9.792,29.1,23.8,93.4,16.0,2.5,201
45,Toledo,2017,12831.0,11550.0,24628.0,9883.0,21699.0,8768.0,3.8,10.6,26.5,3.1,54.4,2.4,29.7,45.3,9.711,30.7,23.7,93.3,16.0,2.5,201
45,Toledo,2018,13621.0,12250.0,25890.5,10463.5,22820.0,9253.5,4.1,10.4,25.4,2.8,55.7,2.4,29.15,45.55,9.815999999999999,30.65,24.0,92.85,15.9,2.5,200
45,Toledo,2019,14364.5,12950.0,26971.5,11052.0,23659.0,9740.0,4.1,9.75,25.25,2.8,56.45,2.4,28.8,45.8,9.5885,30.7,24.0,92.6,15.55,2.5,200
45,Toledo,2020,14437.0,12950.0,27233.0,11309.0,24071.0,9917.5,4.1,8.9,25.5,5.6,55.7,2.4,28.9,45.9,9.818,30.95,23.8,92.3,15.2,2.4,204
45,Toledo,2021,15151.0,13650.0,28600.0,11881.5,25096.0,10379.0,4.2,9.7,24.1,3.75,56.8,2.4,28.4,46.1,8.0745,31.15,23.95,92.15,15.5,2.4,204
45,Toledo,2022,16010.0,14350.0,30448.0,12614.0,26307.0,11011.0,4.2,9.7,24.1,2.7,58.3,2.4,28.4,45.7,6.922,31.2,24.1,90.8,15.5,2.4,201
45,Toledo,2023,16980.0,15750.0,32376.5,13557.0,27881.0,11773.5,4.3,9.9,23.75,2.6500000000000004,58.05,2.4,28.15,45.95,6.7775,31.25,24.1,90.15,15.45,2.4,200
46,Valencia,2015,13880.0,12250.0,26389.0,10665.0,22946.0,9321.0,4.1,10.7,23.5,3.4,58.1,2.6,30.8,43.2,11.776,27.7,20.4,94.0,17.1,2.5,263
46,Valencia,2016,14159.0,12950.0,27179.0,10915.0,23660.0,9531.0,4.3,10.2,22.9,3.0,59.5,2.5,30.6,43.7,11.852,27.2,20.7,94.2,17.1,2.5,263
46,Valencia,2017,14813.0,13650.0,28316.0,11525.0,24569.0,9961.0,4.4,10.1,22.3,2.6,60.1,2.4,29.4,43.8,11.897,28.4,21.0,93.8,16.9,2.5,263
46,Valencia,2018,15621.0,14350.0,30171.0,12154.0,26058.0,10518.0,4.7,10.4,21.7,2.4,60.3,2.4,28.4,44.0,13.447,28.8,20.8,93.8,16.8,2.5,263
46,Valencia,2019,16506.0,15050.0,31636.0,12836.0,27306.0,11051.0,5.0,10.5,21.3,2.4,60.9,2.3,27.9,44.2,11.987,28.6,21.2,93.1,16.6,2.5,263
46,Valencia,2020,16675.5,15050.0,32284.0,13115.5,27669.0,11269.5,5.3,9.05,21.7,4.9,58.650000000000006,2.3,28.2,44.4,12.093499999999999,28.75,21.45,92.55,16.45,2.4,264
46,Valencia,2021,17386.0,15750.0,33530.0,13755.0,28678.0,11722.0,5.4,10.1,21.2,3.3,59.8,2.3,27.2,44.5,12.11,29.8,21.1,92.1,16.3,2.4,263
46,Valencia,2022,18383.0,17150.0,35577.5,14693.0,30249.0,12513.0,5.4,9.9,21.15,2.5,60.7,2.3,27.5,44.6,12.7365,29.6,21.299999999999997,90.95,15.95,2.45,264
46,Valencia,2023,19484.0,17850.0,38065.0,15635.0,32250.0,13307.0,5.3,10.1,20.9,2.5,60.8,2.3,27.3,44.7,12.295,29.7,21.1,89.9,16.1,2.4,263
47,Valladolid,2015,14803.0,12950.0,27477.0,11599.0,24149.0,10126.0,3.4,17.9,26.9,2.1,48.2,2.45,30.2,,,,,,,,171
47,Valladolid,2016,15219.0,13650.0,28570.5,11956.0,24782.5,10489.5,3.3,18.2,26.15,1.9,48.4,2.5,30.0,,,,,,,,168
47,Valladolid,2017,15796.0,13650.0,28898.0,12490.0,25173.0,10833.0,3.9,17.0,26.3,1.7,50.5,2.4,29.4,,,,,,,,167
47,Valladolid,2018,16756.5,15050.0,30916.0,13335.0,26797.5,11580.0,3.9,18.45,25.9,1.6,49.0,2.4,28.65,,,,,,,,166
47,Valladolid,2019,17383.5,15750.0,32386.0,13854.0,28052.0,12040.5,4.05,17.4,25.9,1.5,50.150000000000006,2.4,27.85,,,,,,,,164
47,Valladolid,2020,17526.5,15750.0,33011.0,15399.0,28249.0,13097.0,3.9,16.4,26.3,3.7,49.55,2.3,28.1,,,,,,,,225
47,Valladolid,2021,18575.0,16450.0,36174.0,16531.0,30562.0,13997.0,3.8,17.0,24.8,2.4,49.7,2.3,28.0,,,,,,,,225
47,Valladolid,2022,19399.0,17150.0,36479.0,16617.0,30777.0,14056.0,4.05,16.7,26.0,1.6,50.6,2.4,28.2,,,,,,,,223
47,Valladolid,2023,20361.5,18550.0,38840.0,17865.0,32535.0,14947.0,4.1,17.1,25.8,1.4,50.5,2.3,28.05,,,,,,,,223
48,Bizkaia,2015,21060.0,19950.0,42496.0,16682.5,35764.5,13875.5,,11.4,,,62.9,2.5,29.15,,,,,,,,112
48,Bizkaia,2016,21608.5,19950.0,43715.5,17012.0,36784.5,14353.5,,11.5,,,62.25,2.5,29.2,,,,,,,,112
48,Bizkaia,2017,22031.0,20650.0,44145.5,17498.0,37031.0,14690.0,,11.25,,,62.55,2.5,29.0,,,,,,,,112
48,Bizkaia,2018,22470.5,20650.0,45337.0,17764.0,37842.0,14986.5,,11.3,,,61.8,2.45,28.8,,,,,,,,112
48,Bizkaia,2019,23256.0,22050.0,46585.5,18769.0,38901.0,15618.5,,10.95,,,61.5,2.4,28.6,,,,,,,,112
48,Bizkaia,2020,23492.0,22050.0,46624.5,18685.0,39319.0,15742.5,,10.3,,,60.7,2.5,29.35,,,,,,,,112
48,Bizkaia,2021,24283.0,22750.0,47897.5,19456.0,40080.0,16341.0,,11.1,,,60.599999999999994,2.4,28.65,,,,,,,,112
48,Bizkaia,2022,25700.5,24150.0,50722.0,20716.5,42282.5,17383.5,,10.649999999999999,,,61.2,2.4,28.9,,,,,,,,112
48,Bizkaia,2023,27768.0,25550.0,54841.0,22316.0,45904.0,18615.0,,10.4,,,60.9,2.3,26.5,,,,,,,,113
49,Zamora,2015,12936.0,11550.0,21956.0,10126.0,19853.0,9163.0,4.2,15.3,37.7,2.5,38.4,2.3,29.1,,,,,,,,221
49,Zamora,2016,13166.0,11550.0,22443.0,10361.0,20138.0,9304.0,4.0,14.4,37.9,2.3,40.6,2.3,29.4,,,,,,,,221
49,Zamora,2017,13671.0,12250.0,23091.0,10700.0,20767.0,9632.0,5.0,13.5,38.0,2.1,40.9,2.3,28.5,,,,,,,,221
49,Zamora,2018,14568.0,12950.0,24598.0,11634.5,21994.0,10320.0,5.0,14.8,37.150000000000006,1.8,40.6,2.3,27.95,,,,,,,,220
49,Zamora,2019,15290.5,13650.0,25710.0,12207.5,22929.0,10900.5,5.15,14.0,36.2,1.8,41.7,2.3,27.3,,,,,,,,216
49,Zamora,2020,15618.5,13650.0,26512.0,12714.5,23258.0,11242.0,4.95,12.75,36.349999999999994,3.6500000000000004,41.05,2.3,27.55,,,,,,,,248
49,Zamora,2021,16430.5,14350.0,26937.0,13564.0,23824.0,11877.0,5.2,14.2,34.4,2.5,42.150000000000006,2.3,27.3,,,,,,,,248
49,Zamora,2022,17178.5,15050.0,28801.5,14157.0,25220.5,12306.5,5.3,12.75,35.05,1.9,43.05,2.3,28.05,,,,,,,,246
49,Zamora,2023,18328.0,16450.0,31543.0,15460.0,27371.5,13416.5,5.1,13.3,34.7,1.8,42.8,2.3,27.8,,,,,,,,246
50,Zaragoza,2015,15178.0,14000.0,28543.5,12114.0,24938.5,10526.0,3.25,13.7,28.4,2.2,50.900000000000006,2.5,29.6,,,,,,,,48
50,Zaragoza,2016,15312.0,14350.0,28902.0,12369.0,25244.0,10795.0,3.1,12.8,27.7,1.7,51.5,2.6,29.4,,,,,,,,45
50,Zaragoza,2017,15929.5,14700.0,29506.5,12610.0,25555.5,10905.0,3.1500000000000004,11.85,28.1,1.5,53.7,2.5,27.75,,,,,,,,44
50,Zaragoza,2018,16721.0,15750.0,30664.0,13431.0,26472.0,11452.0,3.4,13.0,27.0,1.6,54.5,2.4,27.4,,,,,,,,45
50,Zaragoza,2019,17415.0,16450.0,32716.5,14011.5,28350.5,12081.5,3.45,12.5,27.5,1.6,53.25,2.3499999999999996,27.4,,,,,,,,44
50,Zaragoza,2020,17327.0,16450.0,33338.0,15332.5,28226.0,13174.0,3.5,10.95,27.5,4.0,51.45,2.4,27.45,,,,,,,,66
50,Zaragoza,2021,18272.0,16800.0,34654.0,16075.5,29160.0,13575.5,3.55,12.149999999999999,26.4,2.4,52.25,2.3,27.15,,,,,,,,66
50,Zaragoza,2022,19108.5,17850.0,36232.0,16838.0,30517.0,14177.0,3.7,11.350000000000001,27.049999999999997,1.7,54.45,2.4,27.05,,,,,,,,65
50,Zaragoza,2023,19972.5,18900.0,38208.0,17767.0,31911.0,14958.0,3.5,11.05,27.549999999999997,1.6,54.849999999999994,2.3,26.8,,,,,,,,65
